node,product,period,quantity,source,confidence
PNG-NCD-001,ESSMED-KIT,0,5208,proxy,0.4
PNG-NCD-001,MEDSUP-BOX,0,4200,proxy,0.4
PNG-NCD-001,ARVTB-KIT,0,3192,proxy,0.4
PNG-NCD-001,MAL-KIT,0,4536,proxy,0.4
PNG-NCD-001,VAC-EPI,0,29400,proxy,0.4
PNG-NCD-001,VAC-MEAS,0,13104,proxy,0.4
PNG-NCD-001,OXY-AMP,0,13104,proxy,0.4
PNG-NCD-001,VAC-ULT,0,2352,proxy,0.4
PNG-NCD-002,ESSMED-KIT,0,4092,proxy,0.4
PNG-NCD-002,MEDSUP-BOX,0,3300,proxy,0.4
PNG-NCD-002,ARVTB-KIT,0,2508,proxy,0.4
PNG-NCD-002,MAL-KIT,0,3564,proxy,0.4
PNG-NCD-002,VAC-EPI,0,23100,proxy,0.4
PNG-NCD-002,VAC-MEAS,0,10296,proxy,0.4
PNG-NCD-002,OXY-AMP,0,10296,proxy,0.4
PNG-NCD-002,VAC-ULT,0,1848,proxy,0.4
PNG-NCD-003,ESSMED-KIT,0,1891,proxy,0.4
PNG-NCD-003,MEDSUP-BOX,0,1525,proxy,0.4
PNG-NCD-003,ARVTB-KIT,0,1159,proxy,0.4
PNG-NCD-003,MAL-KIT,0,1647,proxy,0.4
PNG-NCD-003,VAC-EPI,0,10675,proxy,0.4
PNG-NCD-003,VAC-MEAS,0,4758,proxy,0.4
PNG-NCD-003,OXY-AMP,0,4758,proxy,0.4
PNG-NCD-003,VAC-ULT,0,854,proxy,0.4
PNG-NCD-004,ESSMED-KIT,0,1674,proxy,0.4
PNG-NCD-004,MEDSUP-BOX,0,1350,proxy,0.4
PNG-NCD-004,ARVTB-KIT,0,1026,proxy,0.4
PNG-NCD-004,MAL-KIT,0,1458,proxy,0.4
PNG-NCD-004,VAC-EPI,0,9450,proxy,0.4
PNG-NCD-004,VAC-MEAS,0,4212,proxy,0.4
PNG-NCD-004,OXY-AMP,0,4212,proxy,0.4
PNG-NCD-004,VAC-ULT,0,756,proxy,0.4
PNG-NCD-005,ESSMED-KIT,0,1178,proxy,0.4
PNG-NCD-005,MEDSUP-BOX,0,950,proxy,0.4
PNG-NCD-005,ARVTB-KIT,0,722,proxy,0.4
PNG-NCD-005,MAL-KIT,0,1026,proxy,0.4
PNG-NCD-005,VAC-EPI,0,6650,proxy,0.4
PNG-NCD-005,VAC-MEAS,0,2964,proxy,0.4
PNG-NCD-005,OXY-AMP,0,2964,proxy,0.4
PNG-NCD-005,VAC-ULT,0,532,proxy,0.4
PNG-CEN-001,ESSMED-KIT,0,1457,proxy,0.4
PNG-CEN-001,MEDSUP-BOX,0,1175,proxy,0.4
PNG-CEN-001,ARVTB-KIT,0,893,proxy,0.4
PNG-CEN-001,MAL-KIT,0,1269,proxy,0.4
PNG-CEN-001,VAC-EPI,0,8225,proxy,0.4
PNG-CEN-001,VAC-MEAS,0,3666,proxy,0.4
PNG-CEN-001,OXY-AMP,0,3666,proxy,0.4
PNG-CEN-001,VAC-ULT,0,658,proxy,0.4
PNG-CEN-002,ESSMED-KIT,0,1302,proxy,0.4
PNG-CEN-002,MEDSUP-BOX,0,1050,proxy,0.4
PNG-CEN-002,ARVTB-KIT,0,798,proxy,0.4
PNG-CEN-002,MAL-KIT,0,1134,proxy,0.4
PNG-CEN-002,VAC-EPI,0,7350,proxy,0.4
PNG-CEN-002,VAC-MEAS,0,3276,proxy,0.4
PNG-CEN-002,OXY-AMP,0,3276,proxy,0.4
PNG-CEN-002,VAC-ULT,0,588,proxy,0.4
PNG-CEN-003,ESSMED-KIT,0,589,proxy,0.4
PNG-CEN-003,MEDSUP-BOX,0,475,proxy,0.4
PNG-CEN-003,ARVTB-KIT,0,361,proxy,0.4
PNG-CEN-003,MAL-KIT,0,513,proxy,0.4
PNG-CEN-003,VAC-EPI,0,3325,proxy,0.4
PNG-CEN-003,VAC-MEAS,0,1482,proxy,0.4
PNG-CEN-003,OXY-AMP,0,1482,proxy,0.4
PNG-CEN-003,VAC-ULT,0,266,proxy,0.4
PNG-CEN-004,ESSMED-KIT,0,1178,proxy,0.4
PNG-CEN-004,MEDSUP-BOX,0,950,proxy,0.4
PNG-CEN-004,ARVTB-KIT,0,722,proxy,0.4
PNG-CEN-004,MAL-KIT,0,1026,proxy,0.4
PNG-CEN-004,VAC-EPI,0,6650,proxy,0.4
PNG-CEN-004,VAC-MEAS,0,2964,proxy,0.4
PNG-CEN-004,OXY-AMP,0,2964,proxy,0.4
PNG-CEN-004,VAC-ULT,0,532,proxy,0.4
PNG-CEN-005,ESSMED-KIT,0,372,proxy,0.4
PNG-CEN-005,MEDSUP-BOX,0,300,proxy,0.4
PNG-CEN-005,ARVTB-KIT,0,228,proxy,0.4
PNG-CEN-005,MAL-KIT,0,324,proxy,0.4
PNG-CEN-005,VAC-EPI,0,2100,proxy,0.4
PNG-CEN-005,VAC-MEAS,0,936,proxy,0.4
PNG-CEN-005,OXY-AMP,0,936,proxy,0.4
PNG-CEN-005,VAC-ULT,0,168,proxy,0.4
PNG-CEN-006,ESSMED-KIT,0,496,proxy,0.4
PNG-CEN-006,MEDSUP-BOX,0,400,proxy,0.4
PNG-CEN-006,ARVTB-KIT,0,304,proxy,0.4
PNG-CEN-006,MAL-KIT,0,432,proxy,0.4
PNG-CEN-006,VAC-EPI,0,2800,proxy,0.4
PNG-CEN-006,VAC-MEAS,0,1248,proxy,0.4
PNG-CEN-006,OXY-AMP,0,1248,proxy,0.4
PNG-CEN-006,VAC-ULT,0,224,proxy,0.4
PNG-GUL-001,ESSMED-KIT,0,1798,proxy,0.4
PNG-GUL-001,MEDSUP-BOX,0,1450,proxy,0.4
PNG-GUL-001,ARVTB-KIT,0,1102,proxy,0.4
PNG-GUL-001,MAL-KIT,0,1566,proxy,0.4
PNG-GUL-001,VAC-EPI,0,10150,proxy,0.4
PNG-GUL-001,VAC-MEAS,0,4524,proxy,0.4
PNG-GUL-001,OXY-AMP,0,4524,proxy,0.4
PNG-GUL-001,VAC-ULT,0,812,proxy,0.4
PNG-GUL-002,ESSMED-KIT,0,651,proxy,0.4
PNG-GUL-002,MEDSUP-BOX,0,525,proxy,0.4
PNG-GUL-002,ARVTB-KIT,0,399,proxy,0.4
PNG-GUL-002,MAL-KIT,0,567,proxy,0.4
PNG-GUL-002,VAC-EPI,0,3675,proxy,0.4
PNG-GUL-002,VAC-MEAS,0,1638,proxy,0.4
PNG-GUL-002,OXY-AMP,0,1638,proxy,0.4
PNG-GUL-002,VAC-ULT,0,294,proxy,0.4
PNG-GUL-003,ESSMED-KIT,0,992,proxy,0.4
PNG-GUL-003,MEDSUP-BOX,0,800,proxy,0.4
PNG-GUL-003,ARVTB-KIT,0,608,proxy,0.4
PNG-GUL-003,MAL-KIT,0,864,proxy,0.4
PNG-GUL-003,VAC-EPI,0,5600,proxy,0.4
PNG-GUL-003,VAC-MEAS,0,2496,proxy,0.4
PNG-GUL-003,OXY-AMP,0,2496,proxy,0.4
PNG-GUL-003,VAC-ULT,0,448,proxy,0.4
PNG-GUL-004,ESSMED-KIT,0,558,proxy,0.4
PNG-GUL-004,MEDSUP-BOX,0,450,proxy,0.4
PNG-GUL-004,ARVTB-KIT,0,342,proxy,0.4
PNG-GUL-004,MAL-KIT,0,486,proxy,0.4
PNG-GUL-004,VAC-EPI,0,3150,proxy,0.4
PNG-GUL-004,VAC-MEAS,0,1404,proxy,0.4
PNG-GUL-004,OXY-AMP,0,1404,proxy,0.4
PNG-GUL-004,VAC-ULT,0,252,proxy,0.4
PNG-GUL-005,ESSMED-KIT,0,744,proxy,0.4
PNG-GUL-005,MEDSUP-BOX,0,600,proxy,0.4
PNG-GUL-005,ARVTB-KIT,0,456,proxy,0.4
PNG-GUL-005,MAL-KIT,0,648,proxy,0.4
PNG-GUL-005,VAC-EPI,0,4200,proxy,0.4
PNG-GUL-005,VAC-MEAS,0,1872,proxy,0.4
PNG-GUL-005,OXY-AMP,0,1872,proxy,0.4
PNG-GUL-005,VAC-ULT,0,336,proxy,0.4
PNG-GUL-006,ESSMED-KIT,0,341,proxy,0.4
PNG-GUL-006,MEDSUP-BOX,0,275,proxy,0.4
PNG-GUL-006,ARVTB-KIT,0,209,proxy,0.4
PNG-GUL-006,MAL-KIT,0,297,proxy,0.4
PNG-GUL-006,VAC-EPI,0,1925,proxy,0.4
PNG-GUL-006,VAC-MEAS,0,858,proxy,0.4
PNG-GUL-006,OXY-AMP,0,858,proxy,0.4
PNG-GUL-006,VAC-ULT,0,154,proxy,0.4
PNG-WES-001,ESSMED-KIT,0,1364,proxy,0.4
PNG-WES-001,MEDSUP-BOX,0,1100,proxy,0.4
PNG-WES-001,ARVTB-KIT,0,836,proxy,0.4
PNG-WES-001,MAL-KIT,0,1188,proxy,0.4
PNG-WES-001,VAC-EPI,0,7700,proxy,0.4
PNG-WES-001,VAC-MEAS,0,3432,proxy,0.4
PNG-WES-001,OXY-AMP,0,3432,proxy,0.4
PNG-WES-001,VAC-ULT,0,616,proxy,0.4
PNG-WES-002,ESSMED-KIT,0,1209,proxy,0.4
PNG-WES-002,MEDSUP-BOX,0,975,proxy,0.4
PNG-WES-002,ARVTB-KIT,0,741,proxy,0.4
PNG-WES-002,MAL-KIT,0,1053,proxy,0.4
PNG-WES-002,VAC-EPI,0,6825,proxy,0.4
PNG-WES-002,VAC-MEAS,0,3042,proxy,0.4
PNG-WES-002,OXY-AMP,0,3042,proxy,0.4
PNG-WES-002,VAC-ULT,0,546,proxy,0.4
PNG-WES-003,ESSMED-KIT,0,868,proxy,0.4
PNG-WES-003,MEDSUP-BOX,0,700,proxy,0.4
PNG-WES-003,ARVTB-KIT,0,532,proxy,0.4
PNG-WES-003,MAL-KIT,0,756,proxy,0.4
PNG-WES-003,VAC-EPI,0,4900,proxy,0.4
PNG-WES-003,VAC-MEAS,0,2184,proxy,0.4
PNG-WES-003,OXY-AMP,0,2184,proxy,0.4
PNG-WES-003,VAC-ULT,0,392,proxy,0.4
PNG-WES-004,ESSMED-KIT,0,961,proxy,0.4
PNG-WES-004,MEDSUP-BOX,0,775,proxy,0.4
PNG-WES-004,ARVTB-KIT,0,589,proxy,0.4
PNG-WES-004,MAL-KIT,0,837,proxy,0.4
PNG-WES-004,VAC-EPI,0,5425,proxy,0.4
PNG-WES-004,VAC-MEAS,0,2418,proxy,0.4
PNG-WES-004,OXY-AMP,0,2418,proxy,0.4
PNG-WES-004,VAC-ULT,0,434,proxy,0.4
PNG-WES-005,ESSMED-KIT,0,279,proxy,0.4
PNG-WES-005,MEDSUP-BOX,0,225,proxy,0.4
PNG-WES-005,ARVTB-KIT,0,171,proxy,0.4
PNG-WES-005,MAL-KIT,0,243,proxy,0.4
PNG-WES-005,VAC-EPI,0,1575,proxy,0.4
PNG-WES-005,VAC-MEAS,0,702,proxy,0.4
PNG-WES-005,OXY-AMP,0,702,proxy,0.4
PNG-WES-005,VAC-ULT,0,126,proxy,0.4
PNG-WES-006,ESSMED-KIT,0,263.5,proxy,0.4
PNG-WES-006,MEDSUP-BOX,0,212.5,proxy,0.4
PNG-WES-006,ARVTB-KIT,0,161.5,proxy,0.4
PNG-WES-006,MAL-KIT,0,229.5,proxy,0.4
PNG-WES-006,VAC-EPI,0,1487.5,proxy,0.4
PNG-WES-006,VAC-MEAS,0,663,proxy,0.4
PNG-WES-006,OXY-AMP,0,663,proxy,0.4
PNG-WES-006,VAC-ULT,0,119,proxy,0.4
PNG-WES-007,ESSMED-KIT,0,232.5,proxy,0.4
PNG-WES-007,MEDSUP-BOX,0,187.5,proxy,0.4
PNG-WES-007,ARVTB-KIT,0,142.5,proxy,0.4
PNG-WES-007,MAL-KIT,0,202.5,proxy,0.4
PNG-WES-007,VAC-EPI,0,1312.5,proxy,0.4
PNG-WES-007,VAC-MEAS,0,585,proxy,0.4
PNG-WES-007,OXY-AMP,0,585,proxy,0.4
PNG-WES-007,VAC-ULT,0,105,proxy,0.4
PNG-MBP-001,ESSMED-KIT,0,1922,proxy,0.4
PNG-MBP-001,MEDSUP-BOX,0,1550,proxy,0.4
PNG-MBP-001,ARVTB-KIT,0,1178,proxy,0.4
PNG-MBP-001,MAL-KIT,0,1674,proxy,0.4
PNG-MBP-001,VAC-EPI,0,10850,proxy,0.4
PNG-MBP-001,VAC-MEAS,0,4836,proxy,0.4
PNG-MBP-001,OXY-AMP,0,4836,proxy,0.4
PNG-MBP-001,VAC-ULT,0,868,proxy,0.4
PNG-MBP-002,ESSMED-KIT,0,899,proxy,0.4
PNG-MBP-002,MEDSUP-BOX,0,725,proxy,0.4
PNG-MBP-002,ARVTB-KIT,0,551,proxy,0.4
PNG-MBP-002,MAL-KIT,0,783,proxy,0.4
PNG-MBP-002,VAC-EPI,0,5075,proxy,0.4
PNG-MBP-002,VAC-MEAS,0,2262,proxy,0.4
PNG-MBP-002,OXY-AMP,0,2262,proxy,0.4
PNG-MBP-002,VAC-ULT,0,406,proxy,0.4
PNG-MBP-003,ESSMED-KIT,0,651,proxy,0.4
PNG-MBP-003,MEDSUP-BOX,0,525,proxy,0.4
PNG-MBP-003,ARVTB-KIT,0,399,proxy,0.4
PNG-MBP-003,MAL-KIT,0,567,proxy,0.4
PNG-MBP-003,VAC-EPI,0,3675,proxy,0.4
PNG-MBP-003,VAC-MEAS,0,1638,proxy,0.4
PNG-MBP-003,OXY-AMP,0,1638,proxy,0.4
PNG-MBP-003,VAC-ULT,0,294,proxy,0.4
PNG-MBP-004,ESSMED-KIT,0,744,proxy,0.4
PNG-MBP-004,MEDSUP-BOX,0,600,proxy,0.4
PNG-MBP-004,ARVTB-KIT,0,456,proxy,0.4
PNG-MBP-004,MAL-KIT,0,648,proxy,0.4
PNG-MBP-004,VAC-EPI,0,4200,proxy,0.4
PNG-MBP-004,VAC-MEAS,0,1872,proxy,0.4
PNG-MBP-004,OXY-AMP,0,1872,proxy,0.4
PNG-MBP-004,VAC-ULT,0,336,proxy,0.4
PNG-MBP-005,ESSMED-KIT,0,434,proxy,0.4
PNG-MBP-005,MEDSUP-BOX,0,350,proxy,0.4
PNG-MBP-005,ARVTB-KIT,0,266,proxy,0.4
PNG-MBP-005,MAL-KIT,0,378,proxy,0.4
PNG-MBP-005,VAC-EPI,0,2450,proxy,0.4
PNG-MBP-005,VAC-MEAS,0,1092,proxy,0.4
PNG-MBP-005,OXY-AMP,0,1092,proxy,0.4
PNG-MBP-005,VAC-ULT,0,196,proxy,0.4
PNG-MBP-006,ESSMED-KIT,0,527,proxy,0.4
PNG-MBP-006,MEDSUP-BOX,0,425,proxy,0.4
PNG-MBP-006,ARVTB-KIT,0,323,proxy,0.4
PNG-MBP-006,MAL-KIT,0,459,proxy,0.4
PNG-MBP-006,VAC-EPI,0,2975,proxy,0.4
PNG-MBP-006,VAC-MEAS,0,1326,proxy,0.4
PNG-MBP-006,OXY-AMP,0,1326,proxy,0.4
PNG-MBP-006,VAC-ULT,0,238,proxy,0.4
PNG-MBP-007,ESSMED-KIT,0,465,proxy,0.4
PNG-MBP-007,MEDSUP-BOX,0,375,proxy,0.4
PNG-MBP-007,ARVTB-KIT,0,285,proxy,0.4
PNG-MBP-007,MAL-KIT,0,405,proxy,0.4
PNG-MBP-007,VAC-EPI,0,2625,proxy,0.4
PNG-MBP-007,VAC-MEAS,0,1170,proxy,0.4
PNG-MBP-007,OXY-AMP,0,1170,proxy,0.4
PNG-MBP-007,VAC-ULT,0,210,proxy,0.4
PNG-ORO-001,ESSMED-KIT,0,2201,proxy,0.4
PNG-ORO-001,MEDSUP-BOX,0,1775,proxy,0.4
PNG-ORO-001,ARVTB-KIT,0,1349,proxy,0.4
PNG-ORO-001,MAL-KIT,0,1917,proxy,0.4
PNG-ORO-001,VAC-EPI,0,12425,proxy,0.4
PNG-ORO-001,VAC-MEAS,0,5538,proxy,0.4
PNG-ORO-001,OXY-AMP,0,5538,proxy,0.4
PNG-ORO-001,VAC-ULT,0,994,proxy,0.4
PNG-ORO-002,ESSMED-KIT,0,682,proxy,0.4
PNG-ORO-002,MEDSUP-BOX,0,550,proxy,0.4
PNG-ORO-002,ARVTB-KIT,0,418,proxy,0.4
PNG-ORO-002,MAL-KIT,0,594,proxy,0.4
PNG-ORO-002,VAC-EPI,0,3850,proxy,0.4
PNG-ORO-002,VAC-MEAS,0,1716,proxy,0.4
PNG-ORO-002,OXY-AMP,0,1716,proxy,0.4
PNG-ORO-002,VAC-ULT,0,308,proxy,0.4
PNG-ORO-003,ESSMED-KIT,0,403,proxy,0.4
PNG-ORO-003,MEDSUP-BOX,0,325,proxy,0.4
PNG-ORO-003,ARVTB-KIT,0,247,proxy,0.4
PNG-ORO-003,MAL-KIT,0,351,proxy,0.4
PNG-ORO-003,VAC-EPI,0,2275,proxy,0.4
PNG-ORO-003,VAC-MEAS,0,1014,proxy,0.4
PNG-ORO-003,OXY-AMP,0,1014,proxy,0.4
PNG-ORO-003,VAC-ULT,0,182,proxy,0.4
PNG-ORO-004,ESSMED-KIT,0,310,proxy,0.4
PNG-ORO-004,MEDSUP-BOX,0,250,proxy,0.4
PNG-ORO-004,ARVTB-KIT,0,190,proxy,0.4
PNG-ORO-004,MAL-KIT,0,270,proxy,0.4
PNG-ORO-004,VAC-EPI,0,1750,proxy,0.4
PNG-ORO-004,VAC-MEAS,0,780,proxy,0.4
PNG-ORO-004,OXY-AMP,0,780,proxy,0.4
PNG-ORO-004,VAC-ULT,0,140,proxy,0.4
PNG-ORO-005,ESSMED-KIT,0,341,proxy,0.4
PNG-ORO-005,MEDSUP-BOX,0,275,proxy,0.4
PNG-ORO-005,ARVTB-KIT,0,209,proxy,0.4
PNG-ORO-005,MAL-KIT,0,297,proxy,0.4
PNG-ORO-005,VAC-EPI,0,1925,proxy,0.4
PNG-ORO-005,VAC-MEAS,0,858,proxy,0.4
PNG-ORO-005,OXY-AMP,0,858,proxy,0.4
PNG-ORO-005,VAC-ULT,0,154,proxy,0.4
PNG-ORO-006,ESSMED-KIT,0,434,proxy,0.4
PNG-ORO-006,MEDSUP-BOX,0,350,proxy,0.4
PNG-ORO-006,ARVTB-KIT,0,266,proxy,0.4
PNG-ORO-006,MAL-KIT,0,378,proxy,0.4
PNG-ORO-006,VAC-EPI,0,2450,proxy,0.4
PNG-ORO-006,VAC-MEAS,0,1092,proxy,0.4
PNG-ORO-006,OXY-AMP,0,1092,proxy,0.4
PNG-ORO-006,VAC-ULT,0,196,proxy,0.4
PNG-MOR-001,ESSMED-KIT,0,5828,proxy,0.4
PNG-MOR-001,MEDSUP-BOX,0,4700,proxy,0.4
PNG-MOR-001,ARVTB-KIT,0,3572,proxy,0.4
PNG-MOR-001,MAL-KIT,0,5076,proxy,0.4
PNG-MOR-001,VAC-EPI,0,32900,proxy,0.4
PNG-MOR-001,VAC-MEAS,0,14664,proxy,0.4
PNG-MOR-001,OXY-AMP,0,14664,proxy,0.4
PNG-MOR-001,VAC-ULT,0,2632,proxy,0.4
PNG-MOR-002,ESSMED-KIT,0,1674,proxy,0.4
PNG-MOR-002,MEDSUP-BOX,0,1350,proxy,0.4
PNG-MOR-002,ARVTB-KIT,0,1026,proxy,0.4
PNG-MOR-002,MAL-KIT,0,1458,proxy,0.4
PNG-MOR-002,VAC-EPI,0,9450,proxy,0.4
PNG-MOR-002,VAC-MEAS,0,4212,proxy,0.4
PNG-MOR-002,OXY-AMP,0,4212,proxy,0.4
PNG-MOR-002,VAC-ULT,0,756,proxy,0.4
PNG-MOR-003,ESSMED-KIT,0,961,proxy,0.4
PNG-MOR-003,MEDSUP-BOX,0,775,proxy,0.4
PNG-MOR-003,ARVTB-KIT,0,589,proxy,0.4
PNG-MOR-003,MAL-KIT,0,837,proxy,0.4
PNG-MOR-003,VAC-EPI,0,5425,proxy,0.4
PNG-MOR-003,VAC-MEAS,0,2418,proxy,0.4
PNG-MOR-003,OXY-AMP,0,2418,proxy,0.4
PNG-MOR-003,VAC-ULT,0,434,proxy,0.4
PNG-MOR-004,ESSMED-KIT,0,1302,proxy,0.4
PNG-MOR-004,MEDSUP-BOX,0,1050,proxy,0.4
PNG-MOR-004,ARVTB-KIT,0,798,proxy,0.4
PNG-MOR-004,MAL-KIT,0,1134,proxy,0.4
PNG-MOR-004,VAC-EPI,0,7350,proxy,0.4
PNG-MOR-004,VAC-MEAS,0,3276,proxy,0.4
PNG-MOR-004,OXY-AMP,0,3276,proxy,0.4
PNG-MOR-004,VAC-ULT,0,588,proxy,0.4
PNG-MOR-005,ESSMED-KIT,0,1116,proxy,0.4
PNG-MOR-005,MEDSUP-BOX,0,900,proxy,0.4
PNG-MOR-005,ARVTB-KIT,0,684,proxy,0.4
PNG-MOR-005,MAL-KIT,0,972,proxy,0.4
PNG-MOR-005,VAC-EPI,0,6300,proxy,0.4
PNG-MOR-005,VAC-MEAS,0,2808,proxy,0.4
PNG-MOR-005,OXY-AMP,0,2808,proxy,0.4
PNG-MOR-005,VAC-ULT,0,504,proxy,0.4
PNG-MOR-006,ESSMED-KIT,0,589,proxy,0.4
PNG-MOR-006,MEDSUP-BOX,0,475,proxy,0.4
PNG-MOR-006,ARVTB-KIT,0,361,proxy,0.4
PNG-MOR-006,MAL-KIT,0,513,proxy,0.4
PNG-MOR-006,VAC-EPI,0,3325,proxy,0.4
PNG-MOR-006,VAC-MEAS,0,1482,proxy,0.4
PNG-MOR-006,OXY-AMP,0,1482,proxy,0.4
PNG-MOR-006,VAC-ULT,0,266,proxy,0.4
PNG-MOR-007,ESSMED-KIT,0,527,proxy,0.4
PNG-MOR-007,MEDSUP-BOX,0,425,proxy,0.4
PNG-MOR-007,ARVTB-KIT,0,323,proxy,0.4
PNG-MOR-007,MAL-KIT,0,459,proxy,0.4
PNG-MOR-007,VAC-EPI,0,2975,proxy,0.4
PNG-MOR-007,VAC-MEAS,0,1326,proxy,0.4
PNG-MOR-007,OXY-AMP,0,1326,proxy,0.4
PNG-MOR-007,VAC-ULT,0,238,proxy,0.4
PNG-MOR-008,ESSMED-KIT,0,713,proxy,0.4
PNG-MOR-008,MEDSUP-BOX,0,575,proxy,0.4
PNG-MOR-008,ARVTB-KIT,0,437,proxy,0.4
PNG-MOR-008,MAL-KIT,0,621,proxy,0.4
PNG-MOR-008,VAC-EPI,0,4025,proxy,0.4
PNG-MOR-008,VAC-MEAS,0,1794,proxy,0.4
PNG-MOR-008,OXY-AMP,0,1794,proxy,0.4
PNG-MOR-008,VAC-ULT,0,322,proxy,0.4
PNG-MAD-001,ESSMED-KIT,0,2976,proxy,0.4
PNG-MAD-001,MEDSUP-BOX,0,2400,proxy,0.4
PNG-MAD-001,ARVTB-KIT,0,1824,proxy,0.4
PNG-MAD-001,MAL-KIT,0,2592,proxy,0.4
PNG-MAD-001,VAC-EPI,0,16800,proxy,0.4
PNG-MAD-001,VAC-MEAS,0,7488,proxy,0.4
PNG-MAD-001,OXY-AMP,0,7488,proxy,0.4
PNG-MAD-001,VAC-ULT,0,1344,proxy,0.4
PNG-MAD-002,ESSMED-KIT,0,1271,proxy,0.4
PNG-MAD-002,MEDSUP-BOX,0,1025,proxy,0.4
PNG-MAD-002,ARVTB-KIT,0,779,proxy,0.4
PNG-MAD-002,MAL-KIT,0,1107,proxy,0.4
PNG-MAD-002,VAC-EPI,0,7175,proxy,0.4
PNG-MAD-002,VAC-MEAS,0,3198,proxy,0.4
PNG-MAD-002,OXY-AMP,0,3198,proxy,0.4
PNG-MAD-002,VAC-ULT,0,574,proxy,0.4
PNG-MAD-003,ESSMED-KIT,0,806,proxy,0.4
PNG-MAD-003,MEDSUP-BOX,0,650,proxy,0.4
PNG-MAD-003,ARVTB-KIT,0,494,proxy,0.4
PNG-MAD-003,MAL-KIT,0,702,proxy,0.4
PNG-MAD-003,VAC-EPI,0,4550,proxy,0.4
PNG-MAD-003,VAC-MEAS,0,2028,proxy,0.4
PNG-MAD-003,OXY-AMP,0,2028,proxy,0.4
PNG-MAD-003,VAC-ULT,0,364,proxy,0.4
PNG-MAD-004,ESSMED-KIT,0,682,proxy,0.4
PNG-MAD-004,MEDSUP-BOX,0,550,proxy,0.4
PNG-MAD-004,ARVTB-KIT,0,418,proxy,0.4
PNG-MAD-004,MAL-KIT,0,594,proxy,0.4
PNG-MAD-004,VAC-EPI,0,3850,proxy,0.4
PNG-MAD-004,VAC-MEAS,0,1716,proxy,0.4
PNG-MAD-004,OXY-AMP,0,1716,proxy,0.4
PNG-MAD-004,VAC-ULT,0,308,proxy,0.4
PNG-MAD-005,ESSMED-KIT,0,868,proxy,0.4
PNG-MAD-005,MEDSUP-BOX,0,700,proxy,0.4
PNG-MAD-005,ARVTB-KIT,0,532,proxy,0.4
PNG-MAD-005,MAL-KIT,0,756,proxy,0.4
PNG-MAD-005,VAC-EPI,0,4900,proxy,0.4
PNG-MAD-005,VAC-MEAS,0,2184,proxy,0.4
PNG-MAD-005,OXY-AMP,0,2184,proxy,0.4
PNG-MAD-005,VAC-ULT,0,392,proxy,0.4
PNG-MAD-006,ESSMED-KIT,0,372,proxy,0.4
PNG-MAD-006,MEDSUP-BOX,0,300,proxy,0.4
PNG-MAD-006,ARVTB-KIT,0,228,proxy,0.4
PNG-MAD-006,MAL-KIT,0,324,proxy,0.4
PNG-MAD-006,VAC-EPI,0,2100,proxy,0.4
PNG-MAD-006,VAC-MEAS,0,936,proxy,0.4
PNG-MAD-006,OXY-AMP,0,936,proxy,0.4
PNG-MAD-006,VAC-ULT,0,168,proxy,0.4
PNG-MAD-007,ESSMED-KIT,0,434,proxy,0.4
PNG-MAD-007,MEDSUP-BOX,0,350,proxy,0.4
PNG-MAD-007,ARVTB-KIT,0,266,proxy,0.4
PNG-MAD-007,MAL-KIT,0,378,proxy,0.4
PNG-MAD-007,VAC-EPI,0,2450,proxy,0.4
PNG-MAD-007,VAC-MEAS,0,1092,proxy,0.4
PNG-MAD-007,OXY-AMP,0,1092,proxy,0.4
PNG-MAD-007,VAC-ULT,0,196,proxy,0.4
PNG-ESP-001,ESSMED-KIT,0,2728,proxy,0.4
PNG-ESP-001,MEDSUP-BOX,0,2200,proxy,0.4
PNG-ESP-001,ARVTB-KIT,0,1672,proxy,0.4
PNG-ESP-001,MAL-KIT,0,2376,proxy,0.4
PNG-ESP-001,VAC-EPI,0,15400,proxy,0.4
PNG-ESP-001,VAC-MEAS,0,6864,proxy,0.4
PNG-ESP-001,OXY-AMP,0,6864,proxy,0.4
PNG-ESP-001,VAC-ULT,0,1232,proxy,0.4
PNG-ESP-002,ESSMED-KIT,0,1612,proxy,0.4
PNG-ESP-002,MEDSUP-BOX,0,1300,proxy,0.4
PNG-ESP-002,ARVTB-KIT,0,988,proxy,0.4
PNG-ESP-002,MAL-KIT,0,1404,proxy,0.4
PNG-ESP-002,VAC-EPI,0,9100,proxy,0.4
PNG-ESP-002,VAC-MEAS,0,4056,proxy,0.4
PNG-ESP-002,OXY-AMP,0,4056,proxy,0.4
PNG-ESP-002,VAC-ULT,0,728,proxy,0.4
PNG-ESP-003,ESSMED-KIT,0,1364,proxy,0.4
PNG-ESP-003,MEDSUP-BOX,0,1100,proxy,0.4
PNG-ESP-003,ARVTB-KIT,0,836,proxy,0.4
PNG-ESP-003,MAL-KIT,0,1188,proxy,0.4
PNG-ESP-003,VAC-EPI,0,7700,proxy,0.4
PNG-ESP-003,VAC-MEAS,0,3432,proxy,0.4
PNG-ESP-003,OXY-AMP,0,3432,proxy,0.4
PNG-ESP-003,VAC-ULT,0,616,proxy,0.4
PNG-ESP-004,ESSMED-KIT,0,744,proxy,0.4
PNG-ESP-004,MEDSUP-BOX,0,600,proxy,0.4
PNG-ESP-004,ARVTB-KIT,0,456,proxy,0.4
PNG-ESP-004,MAL-KIT,0,648,proxy,0.4
PNG-ESP-004,VAC-EPI,0,4200,proxy,0.4
PNG-ESP-004,VAC-MEAS,0,1872,proxy,0.4
PNG-ESP-004,OXY-AMP,0,1872,proxy,0.4
PNG-ESP-004,VAC-ULT,0,336,proxy,0.4
PNG-ESP-005,ESSMED-KIT,0,1023,proxy,0.4
PNG-ESP-005,MEDSUP-BOX,0,825,proxy,0.4
PNG-ESP-005,ARVTB-KIT,0,627,proxy,0.4
PNG-ESP-005,MAL-KIT,0,891,proxy,0.4
PNG-ESP-005,VAC-EPI,0,5775,proxy,0.4
PNG-ESP-005,VAC-MEAS,0,2574,proxy,0.4
PNG-ESP-005,OXY-AMP,0,2574,proxy,0.4
PNG-ESP-005,VAC-ULT,0,462,proxy,0.4
PNG-ESP-006,ESSMED-KIT,0,837,proxy,0.4
PNG-ESP-006,MEDSUP-BOX,0,675,proxy,0.4
PNG-ESP-006,ARVTB-KIT,0,513,proxy,0.4
PNG-ESP-006,MAL-KIT,0,729,proxy,0.4
PNG-ESP-006,VAC-EPI,0,4725,proxy,0.4
PNG-ESP-006,VAC-MEAS,0,2106,proxy,0.4
PNG-ESP-006,OXY-AMP,0,2106,proxy,0.4
PNG-ESP-006,VAC-ULT,0,378,proxy,0.4
PNG-ESP-007,ESSMED-KIT,0,465,proxy,0.4
PNG-ESP-007,MEDSUP-BOX,0,375,proxy,0.4
PNG-ESP-007,ARVTB-KIT,0,285,proxy,0.4
PNG-ESP-007,MAL-KIT,0,405,proxy,0.4
PNG-ESP-007,VAC-EPI,0,2625,proxy,0.4
PNG-ESP-007,VAC-MEAS,0,1170,proxy,0.4
PNG-ESP-007,OXY-AMP,0,1170,proxy,0.4
PNG-ESP-007,VAC-ULT,0,210,proxy,0.4
PNG-SAN-001,ESSMED-KIT,0,1457,proxy,0.4
PNG-SAN-001,MEDSUP-BOX,0,1175,proxy,0.4
PNG-SAN-001,ARVTB-KIT,0,893,proxy,0.4
PNG-SAN-001,MAL-KIT,0,1269,proxy,0.4
PNG-SAN-001,VAC-EPI,0,8225,proxy,0.4
PNG-SAN-001,VAC-MEAS,0,3666,proxy,0.4
PNG-SAN-001,OXY-AMP,0,3666,proxy,0.4
PNG-SAN-001,VAC-ULT,0,658,proxy,0.4
PNG-SAN-002,ESSMED-KIT,0,1209,proxy,0.4
PNG-SAN-002,MEDSUP-BOX,0,975,proxy,0.4
PNG-SAN-002,ARVTB-KIT,0,741,proxy,0.4
PNG-SAN-002,MAL-KIT,0,1053,proxy,0.4
PNG-SAN-002,VAC-EPI,0,6825,proxy,0.4
PNG-SAN-002,VAC-MEAS,0,3042,proxy,0.4
PNG-SAN-002,OXY-AMP,0,3042,proxy,0.4
PNG-SAN-002,VAC-ULT,0,546,proxy,0.4
PNG-SAN-003,ESSMED-KIT,0,744,proxy,0.4
PNG-SAN-003,MEDSUP-BOX,0,600,proxy,0.4
PNG-SAN-003,ARVTB-KIT,0,456,proxy,0.4
PNG-SAN-003,MAL-KIT,0,648,proxy,0.4
PNG-SAN-003,VAC-EPI,0,4200,proxy,0.4
PNG-SAN-003,VAC-MEAS,0,1872,proxy,0.4
PNG-SAN-003,OXY-AMP,0,1872,proxy,0.4
PNG-SAN-003,VAC-ULT,0,336,proxy,0.4
PNG-SAN-004,ESSMED-KIT,0,682,proxy,0.4
PNG-SAN-004,MEDSUP-BOX,0,550,proxy,0.4
PNG-SAN-004,ARVTB-KIT,0,418,proxy,0.4
PNG-SAN-004,MAL-KIT,0,594,proxy,0.4
PNG-SAN-004,VAC-EPI,0,3850,proxy,0.4
PNG-SAN-004,VAC-MEAS,0,1716,proxy,0.4
PNG-SAN-004,OXY-AMP,0,1716,proxy,0.4
PNG-SAN-004,VAC-ULT,0,308,proxy,0.4
PNG-SAN-005,ESSMED-KIT,0,558,proxy,0.4
PNG-SAN-005,MEDSUP-BOX,0,450,proxy,0.4
PNG-SAN-005,ARVTB-KIT,0,342,proxy,0.4
PNG-SAN-005,MAL-KIT,0,486,proxy,0.4
PNG-SAN-005,VAC-EPI,0,3150,proxy,0.4
PNG-SAN-005,VAC-MEAS,0,1404,proxy,0.4
PNG-SAN-005,OXY-AMP,0,1404,proxy,0.4
PNG-SAN-005,VAC-ULT,0,252,proxy,0.4
PNG-SAN-006,ESSMED-KIT,0,403,proxy,0.4
PNG-SAN-006,MEDSUP-BOX,0,325,proxy,0.4
PNG-SAN-006,ARVTB-KIT,0,247,proxy,0.4
PNG-SAN-006,MAL-KIT,0,351,proxy,0.4
PNG-SAN-006,VAC-EPI,0,2275,proxy,0.4
PNG-SAN-006,VAC-MEAS,0,1014,proxy,0.4
PNG-SAN-006,OXY-AMP,0,1014,proxy,0.4
PNG-SAN-006,VAC-ULT,0,182,proxy,0.4
PNG-SAN-007,ESSMED-KIT,0,341,proxy,0.4
PNG-SAN-007,MEDSUP-BOX,0,275,proxy,0.4
PNG-SAN-007,ARVTB-KIT,0,209,proxy,0.4
PNG-SAN-007,MAL-KIT,0,297,proxy,0.4
PNG-SAN-007,VAC-EPI,0,1925,proxy,0.4
PNG-SAN-007,VAC-MEAS,0,858,proxy,0.4
PNG-SAN-007,OXY-AMP,0,858,proxy,0.4
PNG-SAN-007,VAC-ULT,0,154,proxy,0.4
PNG-ENG-001,ESSMED-KIT,0,2232,proxy,0.4
PNG-ENG-001,MEDSUP-BOX,0,1800,proxy,0.4
PNG-ENG-001,ARVTB-KIT,0,1368,proxy,0.4
PNG-ENG-001,MAL-KIT,0,1944,proxy,0.4
PNG-ENG-001,VAC-EPI,0,12600,proxy,0.4
PNG-ENG-001,VAC-MEAS,0,5616,proxy,0.4
PNG-ENG-001,OXY-AMP,0,5616,proxy,0.4
PNG-ENG-001,VAC-ULT,0,1008,proxy,0.4
PNG-ENG-002,ESSMED-KIT,0,1488,proxy,0.4
PNG-ENG-002,MEDSUP-BOX,0,1200,proxy,0.4
PNG-ENG-002,ARVTB-KIT,0,912,proxy,0.4
PNG-ENG-002,MAL-KIT,0,1296,proxy,0.4
PNG-ENG-002,VAC-EPI,0,8400,proxy,0.4
PNG-ENG-002,VAC-MEAS,0,3744,proxy,0.4
PNG-ENG-002,OXY-AMP,0,3744,proxy,0.4
PNG-ENG-002,VAC-ULT,0,672,proxy,0.4
PNG-ENG-003,ESSMED-KIT,0,1178,proxy,0.4
PNG-ENG-003,MEDSUP-BOX,0,950,proxy,0.4
PNG-ENG-003,ARVTB-KIT,0,722,proxy,0.4
PNG-ENG-003,MAL-KIT,0,1026,proxy,0.4
PNG-ENG-003,VAC-EPI,0,6650,proxy,0.4
PNG-ENG-003,VAC-MEAS,0,2964,proxy,0.4
PNG-ENG-003,OXY-AMP,0,2964,proxy,0.4
PNG-ENG-003,VAC-ULT,0,532,proxy,0.4
PNG-ENG-004,ESSMED-KIT,0,1271,proxy,0.4
PNG-ENG-004,MEDSUP-BOX,0,1025,proxy,0.4
PNG-ENG-004,ARVTB-KIT,0,779,proxy,0.4
PNG-ENG-004,MAL-KIT,0,1107,proxy,0.4
PNG-ENG-004,VAC-EPI,0,7175,proxy,0.4
PNG-ENG-004,VAC-MEAS,0,3198,proxy,0.4
PNG-ENG-004,OXY-AMP,0,3198,proxy,0.4
PNG-ENG-004,VAC-ULT,0,574,proxy,0.4
PNG-ENG-005,ESSMED-KIT,0,899,proxy,0.4
PNG-ENG-005,MEDSUP-BOX,0,725,proxy,0.4
PNG-ENG-005,ARVTB-KIT,0,551,proxy,0.4
PNG-ENG-005,MAL-KIT,0,783,proxy,0.4
PNG-ENG-005,VAC-EPI,0,5075,proxy,0.4
PNG-ENG-005,VAC-MEAS,0,2262,proxy,0.4
PNG-ENG-005,OXY-AMP,0,2262,proxy,0.4
PNG-ENG-005,VAC-ULT,0,406,proxy,0.4
PNG-ENG-006,ESSMED-KIT,0,992,proxy,0.4
PNG-ENG-006,MEDSUP-BOX,0,800,proxy,0.4
PNG-ENG-006,ARVTB-KIT,0,608,proxy,0.4
PNG-ENG-006,MAL-KIT,0,864,proxy,0.4
PNG-ENG-006,VAC-EPI,0,5600,proxy,0.4
PNG-ENG-006,VAC-MEAS,0,2496,proxy,0.4
PNG-ENG-006,OXY-AMP,0,2496,proxy,0.4
PNG-ENG-006,VAC-ULT,0,448,proxy,0.4
PNG-HEL-001,ESSMED-KIT,0,2604,proxy,0.4
PNG-HEL-001,MEDSUP-BOX,0,2100,proxy,0.4
PNG-HEL-001,ARVTB-KIT,0,1596,proxy,0.4
PNG-HEL-001,MAL-KIT,0,2268,proxy,0.4
PNG-HEL-001,VAC-EPI,0,14700,proxy,0.4
PNG-HEL-001,VAC-MEAS,0,6552,proxy,0.4
PNG-HEL-001,OXY-AMP,0,6552,proxy,0.4
PNG-HEL-001,VAC-ULT,0,1176,proxy,0.4
PNG-HEL-002,ESSMED-KIT,0,1333,proxy,0.4
PNG-HEL-002,MEDSUP-BOX,0,1075,proxy,0.4
PNG-HEL-002,ARVTB-KIT,0,817,proxy,0.4
PNG-HEL-002,MAL-KIT,0,1161,proxy,0.4
PNG-HEL-002,VAC-EPI,0,7525,proxy,0.4
PNG-HEL-002,VAC-MEAS,0,3354,proxy,0.4
PNG-HEL-002,OXY-AMP,0,3354,proxy,0.4
PNG-HEL-002,VAC-ULT,0,602,proxy,0.4
PNG-HEL-003,ESSMED-KIT,0,961,proxy,0.4
PNG-HEL-003,MEDSUP-BOX,0,775,proxy,0.4
PNG-HEL-003,ARVTB-KIT,0,589,proxy,0.4
PNG-HEL-003,MAL-KIT,0,837,proxy,0.4
PNG-HEL-003,VAC-EPI,0,5425,proxy,0.4
PNG-HEL-003,VAC-MEAS,0,2418,proxy,0.4
PNG-HEL-003,OXY-AMP,0,2418,proxy,0.4
PNG-HEL-003,VAC-ULT,0,434,proxy,0.4
PNG-HEL-004,ESSMED-KIT,0,837,proxy,0.4
PNG-HEL-004,MEDSUP-BOX,0,675,proxy,0.4
PNG-HEL-004,ARVTB-KIT,0,513,proxy,0.4
PNG-HEL-004,MAL-KIT,0,729,proxy,0.4
PNG-HEL-004,VAC-EPI,0,4725,proxy,0.4
PNG-HEL-004,VAC-MEAS,0,2106,proxy,0.4
PNG-HEL-004,OXY-AMP,0,2106,proxy,0.4
PNG-HEL-004,VAC-ULT,0,378,proxy,0.4
PNG-HEL-005,ESSMED-KIT,0,496,proxy,0.4
PNG-HEL-005,MEDSUP-BOX,0,400,proxy,0.4
PNG-HEL-005,ARVTB-KIT,0,304,proxy,0.4
PNG-HEL-005,MAL-KIT,0,432,proxy,0.4
PNG-HEL-005,VAC-EPI,0,2800,proxy,0.4
PNG-HEL-005,VAC-MEAS,0,1248,proxy,0.4
PNG-HEL-005,OXY-AMP,0,1248,proxy,0.4
PNG-HEL-005,VAC-ULT,0,224,proxy,0.4
PNG-SHP-001,ESSMED-KIT,0,2449,proxy,0.4
PNG-SHP-001,MEDSUP-BOX,0,1975,proxy,0.4
PNG-SHP-001,ARVTB-KIT,0,1501,proxy,0.4
PNG-SHP-001,MAL-KIT,0,2133,proxy,0.4
PNG-SHP-001,VAC-EPI,0,13825,proxy,0.4
PNG-SHP-001,VAC-MEAS,0,6162,proxy,0.4
PNG-SHP-001,OXY-AMP,0,6162,proxy,0.4
PNG-SHP-001,VAC-ULT,0,1106,proxy,0.4
PNG-SHP-002,ESSMED-KIT,0,1364,proxy,0.4
PNG-SHP-002,MEDSUP-BOX,0,1100,proxy,0.4
PNG-SHP-002,ARVTB-KIT,0,836,proxy,0.4
PNG-SHP-002,MAL-KIT,0,1188,proxy,0.4
PNG-SHP-002,VAC-EPI,0,7700,proxy,0.4
PNG-SHP-002,VAC-MEAS,0,3432,proxy,0.4
PNG-SHP-002,OXY-AMP,0,3432,proxy,0.4
PNG-SHP-002,VAC-ULT,0,616,proxy,0.4
PNG-SHP-003,ESSMED-KIT,0,1116,proxy,0.4
PNG-SHP-003,MEDSUP-BOX,0,900,proxy,0.4
PNG-SHP-003,ARVTB-KIT,0,684,proxy,0.4
PNG-SHP-003,MAL-KIT,0,972,proxy,0.4
PNG-SHP-003,VAC-EPI,0,6300,proxy,0.4
PNG-SHP-003,VAC-MEAS,0,2808,proxy,0.4
PNG-SHP-003,OXY-AMP,0,2808,proxy,0.4
PNG-SHP-003,VAC-ULT,0,504,proxy,0.4
PNG-SHP-004,ESSMED-KIT,0,1209,proxy,0.4
PNG-SHP-004,MEDSUP-BOX,0,975,proxy,0.4
PNG-SHP-004,ARVTB-KIT,0,741,proxy,0.4
PNG-SHP-004,MAL-KIT,0,1053,proxy,0.4
PNG-SHP-004,VAC-EPI,0,6825,proxy,0.4
PNG-SHP-004,VAC-MEAS,0,3042,proxy,0.4
PNG-SHP-004,OXY-AMP,0,3042,proxy,0.4
PNG-SHP-004,VAC-ULT,0,546,proxy,0.4
PNG-SHP-005,ESSMED-KIT,0,713,proxy,0.4
PNG-SHP-005,MEDSUP-BOX,0,575,proxy,0.4
PNG-SHP-005,ARVTB-KIT,0,437,proxy,0.4
PNG-SHP-005,MAL-KIT,0,621,proxy,0.4
PNG-SHP-005,VAC-EPI,0,4025,proxy,0.4
PNG-SHP-005,VAC-MEAS,0,1794,proxy,0.4
PNG-SHP-005,OXY-AMP,0,1794,proxy,0.4
PNG-SHP-005,VAC-ULT,0,322,proxy,0.4
PNG-SHP-006,ESSMED-KIT,0,868,proxy,0.4
PNG-SHP-006,MEDSUP-BOX,0,700,proxy,0.4
PNG-SHP-006,ARVTB-KIT,0,532,proxy,0.4
PNG-SHP-006,MAL-KIT,0,756,proxy,0.4
PNG-SHP-006,VAC-EPI,0,4900,proxy,0.4
PNG-SHP-006,VAC-MEAS,0,2184,proxy,0.4
PNG-SHP-006,OXY-AMP,0,2184,proxy,0.4
PNG-SHP-006,VAC-ULT,0,392,proxy,0.4
PNG-WHP-001,ESSMED-KIT,0,3472,proxy,0.4
PNG-WHP-001,MEDSUP-BOX,0,2800,proxy,0.4
PNG-WHP-001,ARVTB-KIT,0,2128,proxy,0.4
PNG-WHP-001,MAL-KIT,0,3024,proxy,0.4
PNG-WHP-001,VAC-EPI,0,19600,proxy,0.4
PNG-WHP-001,VAC-MEAS,0,8736,proxy,0.4
PNG-WHP-001,OXY-AMP,0,8736,proxy,0.4
PNG-WHP-001,VAC-ULT,0,1568,proxy,0.4
PNG-WHP-002,ESSMED-KIT,0,1054,proxy,0.4
PNG-WHP-002,MEDSUP-BOX,0,850,proxy,0.4
PNG-WHP-002,ARVTB-KIT,0,646,proxy,0.4
PNG-WHP-002,MAL-KIT,0,918,proxy,0.4
PNG-WHP-002,VAC-EPI,0,5950,proxy,0.4
PNG-WHP-002,VAC-MEAS,0,2652,proxy,0.4
PNG-WHP-002,OXY-AMP,0,2652,proxy,0.4
PNG-WHP-002,VAC-ULT,0,476,proxy,0.4
PNG-WHP-003,ESSMED-KIT,0,961,proxy,0.4
PNG-WHP-003,MEDSUP-BOX,0,775,proxy,0.4
PNG-WHP-003,ARVTB-KIT,0,589,proxy,0.4
PNG-WHP-003,MAL-KIT,0,837,proxy,0.4
PNG-WHP-003,VAC-EPI,0,5425,proxy,0.4
PNG-WHP-003,VAC-MEAS,0,2418,proxy,0.4
PNG-WHP-003,OXY-AMP,0,2418,proxy,0.4
PNG-WHP-003,VAC-ULT,0,434,proxy,0.4
PNG-WHP-004,ESSMED-KIT,0,682,proxy,0.4
PNG-WHP-004,MEDSUP-BOX,0,550,proxy,0.4
PNG-WHP-004,ARVTB-KIT,0,418,proxy,0.4
PNG-WHP-004,MAL-KIT,0,594,proxy,0.4
PNG-WHP-004,VAC-EPI,0,3850,proxy,0.4
PNG-WHP-004,VAC-MEAS,0,1716,proxy,0.4
PNG-WHP-004,OXY-AMP,0,1716,proxy,0.4
PNG-WHP-004,VAC-ULT,0,308,proxy,0.4
PNG-WHP-005,ESSMED-KIT,0,806,proxy,0.4
PNG-WHP-005,MEDSUP-BOX,0,650,proxy,0.4
PNG-WHP-005,ARVTB-KIT,0,494,proxy,0.4
PNG-WHP-005,MAL-KIT,0,702,proxy,0.4
PNG-WHP-005,VAC-EPI,0,4550,proxy,0.4
PNG-WHP-005,VAC-MEAS,0,2028,proxy,0.4
PNG-WHP-005,OXY-AMP,0,2028,proxy,0.4
PNG-WHP-005,VAC-ULT,0,364,proxy,0.4
PNG-JIW-001,ESSMED-KIT,0,1798,proxy,0.4
PNG-JIW-001,MEDSUP-BOX,0,1450,proxy,0.4
PNG-JIW-001,ARVTB-KIT,0,1102,proxy,0.4
PNG-JIW-001,MAL-KIT,0,1566,proxy,0.4
PNG-JIW-001,VAC-EPI,0,10150,proxy,0.4
PNG-JIW-001,VAC-MEAS,0,4524,proxy,0.4
PNG-JIW-001,OXY-AMP,0,4524,proxy,0.4
PNG-JIW-001,VAC-ULT,0,812,proxy,0.4
PNG-JIW-002,ESSMED-KIT,0,1271,proxy,0.4
PNG-JIW-002,MEDSUP-BOX,0,1025,proxy,0.4
PNG-JIW-002,ARVTB-KIT,0,779,proxy,0.4
PNG-JIW-002,MAL-KIT,0,1107,proxy,0.4
PNG-JIW-002,VAC-EPI,0,7175,proxy,0.4
PNG-JIW-002,VAC-MEAS,0,3198,proxy,0.4
PNG-JIW-002,OXY-AMP,0,3198,proxy,0.4
PNG-JIW-002,VAC-ULT,0,574,proxy,0.4
PNG-JIW-003,ESSMED-KIT,0,1457,proxy,0.4
PNG-JIW-003,MEDSUP-BOX,0,1175,proxy,0.4
PNG-JIW-003,ARVTB-KIT,0,893,proxy,0.4
PNG-JIW-003,MAL-KIT,0,1269,proxy,0.4
PNG-JIW-003,VAC-EPI,0,8225,proxy,0.4
PNG-JIW-003,VAC-MEAS,0,3666,proxy,0.4
PNG-JIW-003,OXY-AMP,0,3666,proxy,0.4
PNG-JIW-003,VAC-ULT,0,658,proxy,0.4
PNG-JIW-004,ESSMED-KIT,0,744,proxy,0.4
PNG-JIW-004,MEDSUP-BOX,0,600,proxy,0.4
PNG-JIW-004,ARVTB-KIT,0,456,proxy,0.4
PNG-JIW-004,MAL-KIT,0,648,proxy,0.4
PNG-JIW-004,VAC-EPI,0,4200,proxy,0.4
PNG-JIW-004,VAC-MEAS,0,1872,proxy,0.4
PNG-JIW-004,OXY-AMP,0,1872,proxy,0.4
PNG-JIW-004,VAC-ULT,0,336,proxy,0.4
PNG-JIW-005,ESSMED-KIT,0,589,proxy,0.4
PNG-JIW-005,MEDSUP-BOX,0,475,proxy,0.4
PNG-JIW-005,ARVTB-KIT,0,361,proxy,0.4
PNG-JIW-005,MAL-KIT,0,513,proxy,0.4
PNG-JIW-005,VAC-EPI,0,3325,proxy,0.4
PNG-JIW-005,VAC-MEAS,0,1482,proxy,0.4
PNG-JIW-005,OXY-AMP,0,1482,proxy,0.4
PNG-JIW-005,VAC-ULT,0,266,proxy,0.4
PNG-CHM-001,ESSMED-KIT,0,2294,proxy,0.4
PNG-CHM-001,MEDSUP-BOX,0,1850,proxy,0.4
PNG-CHM-001,ARVTB-KIT,0,1406,proxy,0.4
PNG-CHM-001,MAL-KIT,0,1998,proxy,0.4
PNG-CHM-001,VAC-EPI,0,12950,proxy,0.4
PNG-CHM-001,VAC-MEAS,0,5772,proxy,0.4
PNG-CHM-001,OXY-AMP,0,5772,proxy,0.4
PNG-CHM-001,VAC-ULT,0,1036,proxy,0.4
PNG-CHM-002,ESSMED-KIT,0,1426,proxy,0.4
PNG-CHM-002,MEDSUP-BOX,0,1150,proxy,0.4
PNG-CHM-002,ARVTB-KIT,0,874,proxy,0.4
PNG-CHM-002,MAL-KIT,0,1242,proxy,0.4
PNG-CHM-002,VAC-EPI,0,8050,proxy,0.4
PNG-CHM-002,VAC-MEAS,0,3588,proxy,0.4
PNG-CHM-002,OXY-AMP,0,3588,proxy,0.4
PNG-CHM-002,VAC-ULT,0,644,proxy,0.4
PNG-CHM-003,ESSMED-KIT,0,1023,proxy,0.4
PNG-CHM-003,MEDSUP-BOX,0,825,proxy,0.4
PNG-CHM-003,ARVTB-KIT,0,627,proxy,0.4
PNG-CHM-003,MAL-KIT,0,891,proxy,0.4
PNG-CHM-003,VAC-EPI,0,5775,proxy,0.4
PNG-CHM-003,VAC-MEAS,0,2574,proxy,0.4
PNG-CHM-003,OXY-AMP,0,2574,proxy,0.4
PNG-CHM-003,VAC-ULT,0,462,proxy,0.4
PNG-CHM-004,ESSMED-KIT,0,651,proxy,0.4
PNG-CHM-004,MEDSUP-BOX,0,525,proxy,0.4
PNG-CHM-004,ARVTB-KIT,0,399,proxy,0.4
PNG-CHM-004,MAL-KIT,0,567,proxy,0.4
PNG-CHM-004,VAC-EPI,0,3675,proxy,0.4
PNG-CHM-004,VAC-MEAS,0,1638,proxy,0.4
PNG-CHM-004,OXY-AMP,0,1638,proxy,0.4
PNG-CHM-004,VAC-ULT,0,294,proxy,0.4
PNG-CHM-005,ESSMED-KIT,0,899,proxy,0.4
PNG-CHM-005,MEDSUP-BOX,0,725,proxy,0.4
PNG-CHM-005,ARVTB-KIT,0,551,proxy,0.4
PNG-CHM-005,MAL-KIT,0,783,proxy,0.4
PNG-CHM-005,VAC-EPI,0,5075,proxy,0.4
PNG-CHM-005,VAC-MEAS,0,2262,proxy,0.4
PNG-CHM-005,OXY-AMP,0,2262,proxy,0.4
PNG-CHM-005,VAC-ULT,0,406,proxy,0.4
PNG-CHM-006,ESSMED-KIT,0,775,proxy,0.4
PNG-CHM-006,MEDSUP-BOX,0,625,proxy,0.4
PNG-CHM-006,ARVTB-KIT,0,475,proxy,0.4
PNG-CHM-006,MAL-KIT,0,675,proxy,0.4
PNG-CHM-006,VAC-EPI,0,4375,proxy,0.4
PNG-CHM-006,VAC-MEAS,0,1950,proxy,0.4
PNG-CHM-006,OXY-AMP,0,1950,proxy,0.4
PNG-CHM-006,VAC-ULT,0,350,proxy,0.4
PNG-EHP-001,ESSMED-KIT,0,3348,proxy,0.4
PNG-EHP-001,MEDSUP-BOX,0,2700,proxy,0.4
PNG-EHP-001,ARVTB-KIT,0,2052,proxy,0.4
PNG-EHP-001,MAL-KIT,0,2916,proxy,0.4
PNG-EHP-001,VAC-EPI,0,18900,proxy,0.4
PNG-EHP-001,VAC-MEAS,0,8424,proxy,0.4
PNG-EHP-001,OXY-AMP,0,8424,proxy,0.4
PNG-EHP-001,VAC-ULT,0,1512,proxy,0.4
PNG-EHP-002,ESSMED-KIT,0,1922,proxy,0.4
PNG-EHP-002,MEDSUP-BOX,0,1550,proxy,0.4
PNG-EHP-002,ARVTB-KIT,0,1178,proxy,0.4
PNG-EHP-002,MAL-KIT,0,1674,proxy,0.4
PNG-EHP-002,VAC-EPI,0,10850,proxy,0.4
PNG-EHP-002,VAC-MEAS,0,4836,proxy,0.4
PNG-EHP-002,OXY-AMP,0,4836,proxy,0.4
PNG-EHP-002,VAC-ULT,0,868,proxy,0.4
PNG-EHP-003,ESSMED-KIT,0,1054,proxy,0.4
PNG-EHP-003,MEDSUP-BOX,0,850,proxy,0.4
PNG-EHP-003,ARVTB-KIT,0,646,proxy,0.4
PNG-EHP-003,MAL-KIT,0,918,proxy,0.4
PNG-EHP-003,VAC-EPI,0,5950,proxy,0.4
PNG-EHP-003,VAC-MEAS,0,2652,proxy,0.4
PNG-EHP-003,OXY-AMP,0,2652,proxy,0.4
PNG-EHP-003,VAC-ULT,0,476,proxy,0.4
PNG-EHP-004,ESSMED-KIT,0,961,proxy,0.4
PNG-EHP-004,MEDSUP-BOX,0,775,proxy,0.4
PNG-EHP-004,ARVTB-KIT,0,589,proxy,0.4
PNG-EHP-004,MAL-KIT,0,837,proxy,0.4
PNG-EHP-004,VAC-EPI,0,5425,proxy,0.4
PNG-EHP-004,VAC-MEAS,0,2418,proxy,0.4
PNG-EHP-004,OXY-AMP,0,2418,proxy,0.4
PNG-EHP-004,VAC-ULT,0,434,proxy,0.4
PNG-EHP-005,ESSMED-KIT,0,868,proxy,0.4
PNG-EHP-005,MEDSUP-BOX,0,700,proxy,0.4
PNG-EHP-005,ARVTB-KIT,0,532,proxy,0.4
PNG-EHP-005,MAL-KIT,0,756,proxy,0.4
PNG-EHP-005,VAC-EPI,0,4900,proxy,0.4
PNG-EHP-005,VAC-MEAS,0,2184,proxy,0.4
PNG-EHP-005,OXY-AMP,0,2184,proxy,0.4
PNG-EHP-005,VAC-ULT,0,392,proxy,0.4
PNG-EHP-006,ESSMED-KIT,0,403,proxy,0.4
PNG-EHP-006,MEDSUP-BOX,0,325,proxy,0.4
PNG-EHP-006,ARVTB-KIT,0,247,proxy,0.4
PNG-EHP-006,MAL-KIT,0,351,proxy,0.4
PNG-EHP-006,VAC-EPI,0,2275,proxy,0.4
PNG-EHP-006,VAC-MEAS,0,1014,proxy,0.4
PNG-EHP-006,OXY-AMP,0,1014,proxy,0.4
PNG-EHP-006,VAC-ULT,0,182,proxy,0.4
PNG-EHP-007,ESSMED-KIT,0,341,proxy,0.4
PNG-EHP-007,MEDSUP-BOX,0,275,proxy,0.4
PNG-EHP-007,ARVTB-KIT,0,209,proxy,0.4
PNG-EHP-007,MAL-KIT,0,297,proxy,0.4
PNG-EHP-007,VAC-EPI,0,1925,proxy,0.4
PNG-EHP-007,VAC-MEAS,0,858,proxy,0.4
PNG-EHP-007,OXY-AMP,0,858,proxy,0.4
PNG-EHP-007,VAC-ULT,0,154,proxy,0.4
PNG-MAN-001,ESSMED-KIT,0,1054,proxy,0.4
PNG-MAN-001,MEDSUP-BOX,0,850,proxy,0.4
PNG-MAN-001,ARVTB-KIT,0,646,proxy,0.4
PNG-MAN-001,MAL-KIT,0,918,proxy,0.4
PNG-MAN-001,VAC-EPI,0,5950,proxy,0.4
PNG-MAN-001,VAC-MEAS,0,2652,proxy,0.4
PNG-MAN-001,OXY-AMP,0,2652,proxy,0.4
PNG-MAN-001,VAC-ULT,0,476,proxy,0.4
PNG-MAN-002,ESSMED-KIT,0,279,proxy,0.4
PNG-MAN-002,MEDSUP-BOX,0,225,proxy,0.4
PNG-MAN-002,ARVTB-KIT,0,171,proxy,0.4
PNG-MAN-002,MAL-KIT,0,243,proxy,0.4
PNG-MAN-002,VAC-EPI,0,1575,proxy,0.4
PNG-MAN-002,VAC-MEAS,0,702,proxy,0.4
PNG-MAN-002,OXY-AMP,0,702,proxy,0.4
PNG-MAN-002,VAC-ULT,0,126,proxy,0.4
PNG-MAN-003,ESSMED-KIT,0,201.5,proxy,0.4
PNG-MAN-003,MEDSUP-BOX,0,162.5,proxy,0.4
PNG-MAN-003,ARVTB-KIT,0,123.5,proxy,0.4
PNG-MAN-003,MAL-KIT,0,175.5,proxy,0.4
PNG-MAN-003,VAC-EPI,0,1137.5,proxy,0.4
PNG-MAN-003,VAC-MEAS,0,507,proxy,0.4
PNG-MAN-003,OXY-AMP,0,507,proxy,0.4
PNG-MAN-003,VAC-ULT,0,91,proxy,0.4
PNG-MAN-004,ESSMED-KIT,0,170.5,proxy,0.4
PNG-MAN-004,MEDSUP-BOX,0,137.5,proxy,0.4
PNG-MAN-004,ARVTB-KIT,0,104.5,proxy,0.4
PNG-MAN-004,MAL-KIT,0,148.5,proxy,0.4
PNG-MAN-004,VAC-EPI,0,962.5,proxy,0.4
PNG-MAN-004,VAC-MEAS,0,429,proxy,0.4
PNG-MAN-004,OXY-AMP,0,429,proxy,0.4
PNG-MAN-004,VAC-ULT,0,77,proxy,0.4
PNG-MAN-005,ESSMED-KIT,0,155,proxy,0.4
PNG-MAN-005,MEDSUP-BOX,0,125,proxy,0.4
PNG-MAN-005,ARVTB-KIT,0,95,proxy,0.4
PNG-MAN-005,MAL-KIT,0,135,proxy,0.4
PNG-MAN-005,VAC-EPI,0,875,proxy,0.4
PNG-MAN-005,VAC-MEAS,0,390,proxy,0.4
PNG-MAN-005,OXY-AMP,0,390,proxy,0.4
PNG-MAN-005,VAC-ULT,0,70,proxy,0.4
PNG-NIP-001,ESSMED-KIT,0,1798,proxy,0.4
PNG-NIP-001,MEDSUP-BOX,0,1450,proxy,0.4
PNG-NIP-001,ARVTB-KIT,0,1102,proxy,0.4
PNG-NIP-001,MAL-KIT,0,1566,proxy,0.4
PNG-NIP-001,VAC-EPI,0,10150,proxy,0.4
PNG-NIP-001,VAC-MEAS,0,4524,proxy,0.4
PNG-NIP-001,OXY-AMP,0,4524,proxy,0.4
PNG-NIP-001,VAC-ULT,0,812,proxy,0.4
PNG-NIP-002,ESSMED-KIT,0,1426,proxy,0.4
PNG-NIP-002,MEDSUP-BOX,0,1150,proxy,0.4
PNG-NIP-002,ARVTB-KIT,0,874,proxy,0.4
PNG-NIP-002,MAL-KIT,0,1242,proxy,0.4
PNG-NIP-002,VAC-EPI,0,8050,proxy,0.4
PNG-NIP-002,VAC-MEAS,0,3588,proxy,0.4
PNG-NIP-002,OXY-AMP,0,3588,proxy,0.4
PNG-NIP-002,VAC-ULT,0,644,proxy,0.4
PNG-NIP-003,ESSMED-KIT,0,589,proxy,0.4
PNG-NIP-003,MEDSUP-BOX,0,475,proxy,0.4
PNG-NIP-003,ARVTB-KIT,0,361,proxy,0.4
PNG-NIP-003,MAL-KIT,0,513,proxy,0.4
PNG-NIP-003,VAC-EPI,0,3325,proxy,0.4
PNG-NIP-003,VAC-MEAS,0,1482,proxy,0.4
PNG-NIP-003,OXY-AMP,0,1482,proxy,0.4
PNG-NIP-003,VAC-ULT,0,266,proxy,0.4
PNG-NIP-004,ESSMED-KIT,0,527,proxy,0.4
PNG-NIP-004,MEDSUP-BOX,0,425,proxy,0.4
PNG-NIP-004,ARVTB-KIT,0,323,proxy,0.4
PNG-NIP-004,MAL-KIT,0,459,proxy,0.4
PNG-NIP-004,VAC-EPI,0,2975,proxy,0.4
PNG-NIP-004,VAC-MEAS,0,1326,proxy,0.4
PNG-NIP-004,OXY-AMP,0,1326,proxy,0.4
PNG-NIP-004,VAC-ULT,0,238,proxy,0.4
PNG-NIP-005,ESSMED-KIT,0,248,proxy,0.4
PNG-NIP-005,MEDSUP-BOX,0,200,proxy,0.4
PNG-NIP-005,ARVTB-KIT,0,152,proxy,0.4
PNG-NIP-005,MAL-KIT,0,216,proxy,0.4
PNG-NIP-005,VAC-EPI,0,1400,proxy,0.4
PNG-NIP-005,VAC-MEAS,0,624,proxy,0.4
PNG-NIP-005,OXY-AMP,0,624,proxy,0.4
PNG-NIP-005,VAC-ULT,0,112,proxy,0.4
PNG-NIP-006,ESSMED-KIT,0,434,proxy,0.4
PNG-NIP-006,MEDSUP-BOX,0,350,proxy,0.4
PNG-NIP-006,ARVTB-KIT,0,266,proxy,0.4
PNG-NIP-006,MAL-KIT,0,378,proxy,0.4
PNG-NIP-006,VAC-EPI,0,2450,proxy,0.4
PNG-NIP-006,VAC-MEAS,0,1092,proxy,0.4
PNG-NIP-006,OXY-AMP,0,1092,proxy,0.4
PNG-NIP-006,VAC-ULT,0,196,proxy,0.4
PNG-ENB-001,ESSMED-KIT,0,2852,proxy,0.4
PNG-ENB-001,MEDSUP-BOX,0,2300,proxy,0.4
PNG-ENB-001,ARVTB-KIT,0,1748,proxy,0.4
PNG-ENB-001,MAL-KIT,0,2484,proxy,0.4
PNG-ENB-001,VAC-EPI,0,16100,proxy,0.4
PNG-ENB-001,VAC-MEAS,0,7176,proxy,0.4
PNG-ENB-001,OXY-AMP,0,7176,proxy,0.4
PNG-ENB-001,VAC-ULT,0,1288,proxy,0.4
PNG-ENB-002,ESSMED-KIT,0,1891,proxy,0.4
PNG-ENB-002,MEDSUP-BOX,0,1525,proxy,0.4
PNG-ENB-002,ARVTB-KIT,0,1159,proxy,0.4
PNG-ENB-002,MAL-KIT,0,1647,proxy,0.4
PNG-ENB-002,VAC-EPI,0,10675,proxy,0.4
PNG-ENB-002,VAC-MEAS,0,4758,proxy,0.4
PNG-ENB-002,OXY-AMP,0,4758,proxy,0.4
PNG-ENB-002,VAC-ULT,0,854,proxy,0.4
PNG-ENB-003,ESSMED-KIT,0,1178,proxy,0.4
PNG-ENB-003,MEDSUP-BOX,0,950,proxy,0.4
PNG-ENB-003,ARVTB-KIT,0,722,proxy,0.4
PNG-ENB-003,MAL-KIT,0,1026,proxy,0.4
PNG-ENB-003,VAC-EPI,0,6650,proxy,0.4
PNG-ENB-003,VAC-MEAS,0,2964,proxy,0.4
PNG-ENB-003,OXY-AMP,0,2964,proxy,0.4
PNG-ENB-003,VAC-ULT,0,532,proxy,0.4
PNG-ENB-004,ESSMED-KIT,0,651,proxy,0.4
PNG-ENB-004,MEDSUP-BOX,0,525,proxy,0.4
PNG-ENB-004,ARVTB-KIT,0,399,proxy,0.4
PNG-ENB-004,MAL-KIT,0,567,proxy,0.4
PNG-ENB-004,VAC-EPI,0,3675,proxy,0.4
PNG-ENB-004,VAC-MEAS,0,1638,proxy,0.4
PNG-ENB-004,OXY-AMP,0,1638,proxy,0.4
PNG-ENB-004,VAC-ULT,0,294,proxy,0.4
PNG-ENB-005,ESSMED-KIT,0,713,proxy,0.4
PNG-ENB-005,MEDSUP-BOX,0,575,proxy,0.4
PNG-ENB-005,ARVTB-KIT,0,437,proxy,0.4
PNG-ENB-005,MAL-KIT,0,621,proxy,0.4
PNG-ENB-005,VAC-EPI,0,4025,proxy,0.4
PNG-ENB-005,VAC-MEAS,0,1794,proxy,0.4
PNG-ENB-005,OXY-AMP,0,1794,proxy,0.4
PNG-ENB-005,VAC-ULT,0,322,proxy,0.4
PNG-ENB-006,ESSMED-KIT,0,558,proxy,0.4
PNG-ENB-006,MEDSUP-BOX,0,450,proxy,0.4
PNG-ENB-006,ARVTB-KIT,0,342,proxy,0.4
PNG-ENB-006,MAL-KIT,0,486,proxy,0.4
PNG-ENB-006,VAC-EPI,0,3150,proxy,0.4
PNG-ENB-006,VAC-MEAS,0,1404,proxy,0.4
PNG-ENB-006,OXY-AMP,0,1404,proxy,0.4
PNG-ENB-006,VAC-ULT,0,252,proxy,0.4
PNG-WNB-001,ESSMED-KIT,0,2418,proxy,0.4
PNG-WNB-001,MEDSUP-BOX,0,1950,proxy,0.4
PNG-WNB-001,ARVTB-KIT,0,1482,proxy,0.4
PNG-WNB-001,MAL-KIT,0,2106,proxy,0.4
PNG-WNB-001,VAC-EPI,0,13650,proxy,0.4
PNG-WNB-001,VAC-MEAS,0,6084,proxy,0.4
PNG-WNB-001,OXY-AMP,0,6084,proxy,0.4
PNG-WNB-001,VAC-ULT,0,1092,proxy,0.4
PNG-WNB-002,ESSMED-KIT,0,992,proxy,0.4
PNG-WNB-002,MEDSUP-BOX,0,800,proxy,0.4
PNG-WNB-002,ARVTB-KIT,0,608,proxy,0.4
PNG-WNB-002,MAL-KIT,0,864,proxy,0.4
PNG-WNB-002,VAC-EPI,0,5600,proxy,0.4
PNG-WNB-002,VAC-MEAS,0,2496,proxy,0.4
PNG-WNB-002,OXY-AMP,0,2496,proxy,0.4
PNG-WNB-002,VAC-ULT,0,448,proxy,0.4
PNG-WNB-003,ESSMED-KIT,0,496,proxy,0.4
PNG-WNB-003,MEDSUP-BOX,0,400,proxy,0.4
PNG-WNB-003,ARVTB-KIT,0,304,proxy,0.4
PNG-WNB-003,MAL-KIT,0,432,proxy,0.4
PNG-WNB-003,VAC-EPI,0,2800,proxy,0.4
PNG-WNB-003,VAC-MEAS,0,1248,proxy,0.4
PNG-WNB-003,OXY-AMP,0,1248,proxy,0.4
PNG-WNB-003,VAC-ULT,0,224,proxy,0.4
PNG-WNB-004,ESSMED-KIT,0,1271,proxy,0.4
PNG-WNB-004,MEDSUP-BOX,0,1025,proxy,0.4
PNG-WNB-004,ARVTB-KIT,0,779,proxy,0.4
PNG-WNB-004,MAL-KIT,0,1107,proxy,0.4
PNG-WNB-004,VAC-EPI,0,7175,proxy,0.4
PNG-WNB-004,VAC-MEAS,0,3198,proxy,0.4
PNG-WNB-004,OXY-AMP,0,3198,proxy,0.4
PNG-WNB-004,VAC-ULT,0,574,proxy,0.4
PNG-WNB-005,ESSMED-KIT,0,744,proxy,0.4
PNG-WNB-005,MEDSUP-BOX,0,600,proxy,0.4
PNG-WNB-005,ARVTB-KIT,0,456,proxy,0.4
PNG-WNB-005,MAL-KIT,0,648,proxy,0.4
PNG-WNB-005,VAC-EPI,0,4200,proxy,0.4
PNG-WNB-005,VAC-MEAS,0,1872,proxy,0.4
PNG-WNB-005,OXY-AMP,0,1872,proxy,0.4
PNG-WNB-005,VAC-ULT,0,336,proxy,0.4
PNG-BOU-001,ESSMED-KIT,0,2077,proxy,0.4
PNG-BOU-001,MEDSUP-BOX,0,1675,proxy,0.4
PNG-BOU-001,ARVTB-KIT,0,1273,proxy,0.4
PNG-BOU-001,MAL-KIT,0,1809,proxy,0.4
PNG-BOU-001,VAC-EPI,0,11725,proxy,0.4
PNG-BOU-001,VAC-MEAS,0,5226,proxy,0.4
PNG-BOU-001,OXY-AMP,0,5226,proxy,0.4
PNG-BOU-001,VAC-ULT,0,938,proxy,0.4
PNG-BOU-002,ESSMED-KIT,0,1612,proxy,0.4
PNG-BOU-002,MEDSUP-BOX,0,1300,proxy,0.4
PNG-BOU-002,ARVTB-KIT,0,988,proxy,0.4
PNG-BOU-002,MAL-KIT,0,1404,proxy,0.4
PNG-BOU-002,VAC-EPI,0,9100,proxy,0.4
PNG-BOU-002,VAC-MEAS,0,4056,proxy,0.4
PNG-BOU-002,OXY-AMP,0,4056,proxy,0.4
PNG-BOU-002,VAC-ULT,0,728,proxy,0.4
PNG-BOU-003,ESSMED-KIT,0,1364,proxy,0.4
PNG-BOU-003,MEDSUP-BOX,0,1100,proxy,0.4
PNG-BOU-003,ARVTB-KIT,0,836,proxy,0.4
PNG-BOU-003,MAL-KIT,0,1188,proxy,0.4
PNG-BOU-003,VAC-EPI,0,7700,proxy,0.4
PNG-BOU-003,VAC-MEAS,0,3432,proxy,0.4
PNG-BOU-003,OXY-AMP,0,3432,proxy,0.4
PNG-BOU-003,VAC-ULT,0,616,proxy,0.4
PNG-BOU-004,ESSMED-KIT,0,558,proxy,0.4
PNG-BOU-004,MEDSUP-BOX,0,450,proxy,0.4
PNG-BOU-004,ARVTB-KIT,0,342,proxy,0.4
PNG-BOU-004,MAL-KIT,0,486,proxy,0.4
PNG-BOU-004,VAC-EPI,0,3150,proxy,0.4
PNG-BOU-004,VAC-MEAS,0,1404,proxy,0.4
PNG-BOU-004,OXY-AMP,0,1404,proxy,0.4
PNG-BOU-004,VAC-ULT,0,252,proxy,0.4
PNG-BOU-005,ESSMED-KIT,0,217,proxy,0.4
PNG-BOU-005,MEDSUP-BOX,0,175,proxy,0.4
PNG-BOU-005,ARVTB-KIT,0,133,proxy,0.4
PNG-BOU-005,MAL-KIT,0,189,proxy,0.4
PNG-BOU-005,VAC-EPI,0,1225,proxy,0.4
PNG-BOU-005,VAC-MEAS,0,546,proxy,0.4
PNG-BOU-005,OXY-AMP,0,546,proxy,0.4
PNG-BOU-005,VAC-ULT,0,98,proxy,0.4
PNG-BOU-006,ESSMED-KIT,0,496,proxy,0.4
PNG-BOU-006,MEDSUP-BOX,0,400,proxy,0.4
PNG-BOU-006,ARVTB-KIT,0,304,proxy,0.4
PNG-BOU-006,MAL-KIT,0,432,proxy,0.4
PNG-BOU-006,VAC-EPI,0,2800,proxy,0.4
PNG-BOU-006,VAC-MEAS,0,1248,proxy,0.4
PNG-BOU-006,OXY-AMP,0,1248,proxy,0.4
PNG-BOU-006,VAC-ULT,0,224,proxy,0.4
