code,from_node,to_node,mode,service_name,service_frequency,service_days,capacity_per_trip_m3,cold_capacity_per_trip_m3,fixed_cost_per_trip,variable_cost_per_km,cost_per_m3,distance_km,base_travel_time_hr,distance_method,distance_confidence,distance_note,access_profile,access_jan,access_feb,access_mar,access_apr,access_may,access_jun,access_jul,access_aug,access_sep,access_oct,access_nov,access_dec,reliability,lead_time_sd_days,active
LN-PNG-BOU-001-AMS-BUK,AMS-BUK,PNG-BOU-001,sea,Buka Area Medical Store (proposed) — Kokopo–Bougainville service,WEEKLY,WED,18.392,1.051,0,0,57.39,0.48,0.03,detour_factor,0.55,Great circle 0 km x 1.22 to approximate the coastal track.,,0.9,0.85,0.9,0.95,0.7,0.55,0.5,0.55,0.7,0.9,0.95,0.95,0.86,2.5,TRUE
LN-PNG-BOU-001-SEA-BOUGAINVILLE,AMS-KOK,PNG-BOU-001,sea,Kokopo–Bougainville service,FORTNIGHTLY,WED,22.99,1.3137,0,0,163.96,357.34,19.85,detour_factor,0.55,Great circle 293 km x 1.22 to approximate the coastal track.,,0.9,0.85,0.9,0.95,0.7,0.55,0.5,0.55,0.7,0.9,0.95,0.95,0.8,4,TRUE
LN-PNG-BOU-002-AMS-BUK,AMS-BUK,PNG-BOU-002,sea,Buka Area Medical Store (proposed) — Kokopo–Bougainville service,WEEKLY,WED,14.275,0.8157,0,0,61.38,161.8,8.99,detour_factor,0.55,Great circle 133 km x 1.22 to approximate the coastal track.,,0.9,0.85,0.9,0.95,0.7,0.55,0.5,0.55,0.7,0.9,0.95,0.95,0.86,2.5,TRUE
LN-PNG-BOU-002-SEA-BOUGAINVILLE,AMS-KOK,PNG-BOU-002,sea,Kokopo–Bougainville service,FORTNIGHTLY,WED,17.843,1.0196,0,0,163.96,513.78,28.54,detour_factor,0.55,Great circle 421 km x 1.22 to approximate the coastal track.,,0.9,0.85,0.9,0.95,0.7,0.55,0.5,0.55,0.7,0.9,0.95,0.95,0.8,4,TRUE
LN-PNG-BOU-003-AMS-BUK,AMS-BUK,PNG-BOU-003,sea,Buka Area Medical Store (proposed) — Kokopo–Bougainville service,WEEKLY,WED,12.078,0.6902,0,0,75.28,238.89,13.27,detour_factor,0.55,Great circle 196 km x 1.22 to approximate the coastal track.,,0.9,0.85,0.9,0.95,0.7,0.55,0.5,0.55,0.7,0.9,0.95,0.95,0.86,2.5,TRUE
LN-PNG-BOU-003-SEA-BOUGAINVILLE,AMS-KOK,PNG-BOU-003,sea,Kokopo–Bougainville service,FORTNIGHTLY,WED,15.098,0.8627,0,0,163.96,577.77,32.1,detour_factor,0.55,Great circle 474 km x 1.22 to approximate the coastal track.,,0.9,0.85,0.9,0.95,0.7,0.55,0.5,0.55,0.7,0.9,0.95,0.95,0.8,4,TRUE
LN-PNG-BOU-004-AMS-BUK,AMS-BUK,PNG-BOU-004,sea,Buka Area Medical Store (proposed) — Kokopo–Bougainville service,WEEKLY,WED,4.941,0.2824,0,0,57.39,93.33,5.18,detour_factor,0.55,Great circle 76 km x 1.22 to approximate the coastal track.,,0.9,0.85,0.9,0.95,0.7,0.55,0.5,0.55,0.7,0.9,0.95,0.95,0.86,2.5,TRUE
LN-PNG-BOU-004-SEA-BOUGAINVILLE,AMS-KOK,PNG-BOU-004,sea,Kokopo–Bougainville service,FORTNIGHTLY,WED,6.176,0.3529,0,0,163.96,447.68,24.87,detour_factor,0.55,Great circle 367 km x 1.22 to approximate the coastal track.,,0.9,0.85,0.9,0.95,0.7,0.55,0.5,0.55,0.7,0.9,0.95,0.95,0.8,4,TRUE
LN-PNG-BOU-005-AMS-BUK,AMS-BUK,PNG-BOU-005,sea,Buka Area Medical Store (proposed) — Kokopo–Bougainville service,WEEKLY,WED,1.922,0.1098,0,0,97.11,138.67,7.7,detour_factor,0.55,Great circle 114 km x 1.22 to approximate the coastal track.,,0.9,0.85,0.9,0.95,0.7,0.55,0.5,0.55,0.7,0.9,0.95,0.95,0.86,2.5,TRUE
LN-PNG-BOU-005-SEA-BOUGAINVILLE,AMS-KOK,PNG-BOU-005,sea,Kokopo–Bougainville service,FORTNIGHTLY,WED,2.402,0.1373,0,0,163.96,267.72,14.87,detour_factor,0.55,Great circle 219 km x 1.22 to approximate the coastal track.,,0.9,0.85,0.9,0.95,0.7,0.55,0.5,0.55,0.7,0.9,0.95,0.95,0.8,4,TRUE
LN-PNG-BOU-006-AMS-BUK,AMS-BUK,PNG-BOU-006,sea,Buka Area Medical Store (proposed) — Kokopo–Bougainville service,WEEKLY,WED,4.392,0.251,0,0,57.39,18.09,1.01,detour_factor,0.55,Great circle 15 km x 1.22 to approximate the coastal track.,,0.9,0.85,0.9,0.95,0.7,0.55,0.5,0.55,0.7,0.9,0.95,0.95,0.86,2.5,TRUE
LN-PNG-BOU-006-SEA-BOUGAINVILLE,AMS-KOK,PNG-BOU-006,sea,Kokopo–Bougainville service,FORTNIGHTLY,WED,5.49,0.3137,0,0,163.96,370.08,20.56,detour_factor,0.55,Great circle 303 km x 1.22 to approximate the coastal track.,,0.9,0.85,0.9,0.95,0.7,0.55,0.5,0.55,0.7,0.9,0.95,0.95,0.8,4,TRUE
LN-PNG-CEN-001-ROAD,AMS-POM,PNG-CEN-001,road,Port Moresby Area Medical Store road distribution,MONTHLY,,0,0,0,0,0,103.3,2.95,detour_factor,0.6,Great circle 71 km x 1.45 detour factor (coastal_road). Replace with OSRM or a field measurement before publishing.,,0.6,0.55,0.65,0.85,1,1,1,1,1,1,0.9,0.7,0.92,2,TRUE
LN-PNG-CEN-002-AIRFB,AMS-POM,PNG-CEN-002,air,Wet season air charter,MONTHLY,ANY,0,0,0,0,3100,118.45,0.46,great_circle,0.9,Air legs are flown close to the great circle.,,0.95,0.9,0.9,0.95,1,1,1,1,1,1,0.95,0.95,0.7,5,TRUE
LN-PNG-CEN-002-ROAD,AMS-POM,PNG-CEN-002,road,Port Moresby Area Medical Store road distribution,MONTHLY,,0,0,0,0,0,171.76,4.91,detour_factor,0.6,Great circle 118 km x 1.45 detour factor (coastal_road). Replace with OSRM or a field measurement before publishing.,,0,0,0,0.35,0.85,1,1,1,1,0.85,0.45,0.15,0.92,2,TRUE
LN-PNG-CEN-003-AIRFB,AMS-POM,PNG-CEN-003,air,Wet season air charter,MONTHLY,ANY,0,0,0,0,3100,125.04,0.48,great_circle,0.9,Air legs are flown close to the great circle.,,0.95,0.9,0.9,0.95,1,1,1,1,1,1,0.95,0.95,0.7,5,TRUE
LN-PNG-CEN-003-ROAD,AMS-POM,PNG-CEN-003,road,Port Moresby Area Medical Store road distribution,MONTHLY,,0,0,0,0,0,218.82,7.82,detour_factor,0.6,Great circle 125 km x 1.75 detour factor (highlands_road). Replace with OSRM or a field measurement before publishing.,,0.25,0,0.25,0.55,0.9,1,1,1,1,0.9,0.65,0.4,0.92,2,TRUE
LN-PNG-CEN-004-ROAD,AMS-POM,PNG-CEN-004,road,Port Moresby Area Medical Store road distribution,MONTHLY,,0,0,0,0,0,183.69,5.25,detour_factor,0.6,Great circle 127 km x 1.45 detour factor (coastal_road). Replace with OSRM or a field measurement before publishing.,,0.6,0.55,0.65,0.85,1,1,1,1,1,1,0.9,0.7,0.92,2,TRUE
LN-PNG-CEN-005-AIR-GOILALA,AMS-POM,PNG-CEN-005,air,Goilala air charter,MONTHLY,TUE,0,0,0,0,2350,100.39,0.39,great_circle,0.9,Air legs are flown close to the great circle.,,0.75,0.7,0.75,0.85,0.95,1,1,1,0.95,0.9,0.85,0.8,0.75,4,TRUE
LN-PNG-CEN-006-AIRFB,AMS-POM,PNG-CEN-006,air,Wet season air charter,MONTHLY,ANY,0,0,0,0,3100,86.87,0.33,great_circle,0.9,Air legs are flown close to the great circle.,,0.95,0.9,0.9,0.95,1,1,1,1,1,1,0.95,0.95,0.7,5,TRUE
LN-PNG-CEN-006-ROAD,AMS-POM,PNG-CEN-006,road,Port Moresby Area Medical Store road distribution,MONTHLY,,0,0,0,0,0,125.96,3.6,detour_factor,0.6,Great circle 87 km x 1.45 detour factor (coastal_road). Replace with OSRM or a field measurement before publishing.,,0,0,0,0.35,0.85,1,1,1,1,0.85,0.45,0.15,0.92,2,TRUE
LN-PNG-CHM-001-ROAD,AMS-HGN,PNG-CHM-001,road,Mount Hagen Area Medical Store road distribution,MONTHLY,,0,0,0,0,0,144.34,5.16,detour_factor,0.6,Great circle 82 km x 1.75 detour factor (highlands_road). Replace with OSRM or a field measurement before publishing.,,0.8,0.75,0.8,0.95,1,1,1,1,1,1,0.95,0.85,0.92,2,TRUE
LN-PNG-CHM-002-ROAD,AMS-HGN,PNG-CHM-002,road,Mount Hagen Area Medical Store road distribution,MONTHLY,,0,0,0,0,0,111.45,3.98,detour_factor,0.6,Great circle 64 km x 1.75 detour factor (highlands_road). Replace with OSRM or a field measurement before publishing.,,0.8,0.75,0.8,0.95,1,1,1,1,1,1,0.95,0.85,0.92,2,TRUE
LN-PNG-CHM-003-ROAD,AMS-HGN,PNG-CHM-003,road,Mount Hagen Area Medical Store road distribution,MONTHLY,,0,0,0,0,0,136.06,4.86,detour_factor,0.6,Great circle 78 km x 1.75 detour factor (highlands_road). Replace with OSRM or a field measurement before publishing.,,0.25,0,0.25,0.55,0.9,1,1,1,1,0.9,0.65,0.4,0.92,2,TRUE
LN-PNG-CHM-004-AIR-CHIMBU,AMS-HGN,PNG-CHM-004,air,Karimui air charter,MONTHLY,FRI,0,0,0,0,2250,94.99,0.37,great_circle,0.9,Air legs are flown close to the great circle.,,0.75,0.7,0.75,0.85,0.95,1,1,1,0.95,0.9,0.85,0.8,0.75,4,TRUE
LN-PNG-CHM-005-ROAD,AMS-HGN,PNG-CHM-005,road,Mount Hagen Area Medical Store road distribution,MONTHLY,,0,0,0,0,0,178.4,6.37,detour_factor,0.6,Great circle 102 km x 1.75 detour factor (highlands_road). Replace with OSRM or a field measurement before publishing.,,0.8,0.75,0.8,0.95,1,1,1,1,1,1,0.95,0.85,0.92,2,TRUE
LN-PNG-CHM-006-ROAD,AMS-HGN,PNG-CHM-006,road,Mount Hagen Area Medical Store road distribution,MONTHLY,,0,0,0,0,0,153.57,5.48,detour_factor,0.6,Great circle 88 km x 1.75 detour factor (highlands_road). Replace with OSRM or a field measurement before publishing.,,0.25,0,0.25,0.55,0.9,1,1,1,1,0.9,0.65,0.4,0.92,2,TRUE
LN-PNG-EHP-001-ROAD,AMS-LAE,PNG-EHP-001,road,Lae Area Medical Store road distribution,MONTHLY,,0,0,0,0,0,334.85,11.96,detour_factor,0.6,Great circle 191 km x 1.75 detour factor (highlands_road). Replace with OSRM or a field measurement before publishing.,,0.8,0.75,0.8,0.95,1,1,1,1,1,1,0.95,0.85,0.92,2,TRUE
LN-PNG-EHP-002-ROAD,AMS-LAE,PNG-EHP-002,road,Lae Area Medical Store road distribution,MONTHLY,,0,0,0,0,0,233.57,8.34,detour_factor,0.6,Great circle 133 km x 1.75 detour factor (highlands_road). Replace with OSRM or a field measurement before publishing.,,0.8,0.75,0.8,0.95,1,1,1,1,1,1,0.95,0.85,0.92,2,TRUE
LN-PNG-EHP-003-ROAD,AMS-LAE,PNG-EHP-003,road,Lae Area Medical Store road distribution,MONTHLY,,0,0,0,0,0,282.24,10.08,detour_factor,0.6,Great circle 161 km x 1.75 detour factor (highlands_road). Replace with OSRM or a field measurement before publishing.,,0.25,0,0.25,0.55,0.9,1,1,1,1,0.9,0.65,0.4,0.92,2,TRUE
LN-PNG-EHP-004-ROAD,AMS-LAE,PNG-EHP-004,road,Lae Area Medical Store road distribution,MONTHLY,,0,0,0,0,0,355.07,12.68,detour_factor,0.6,Great circle 203 km x 1.75 detour factor (highlands_road). Replace with OSRM or a field measurement before publishing.,,0.25,0,0.25,0.55,0.9,1,1,1,1,0.9,0.65,0.4,0.92,2,TRUE
LN-PNG-EHP-005-ROAD,AMS-LAE,PNG-EHP-005,road,Lae Area Medical Store road distribution,MONTHLY,,0,0,0,0,0,287.21,10.26,detour_factor,0.6,Great circle 164 km x 1.75 detour factor (highlands_road). Replace with OSRM or a field measurement before publishing.,,0.25,0,0.25,0.55,0.9,1,1,1,1,0.9,0.65,0.4,0.92,2,TRUE
LN-PNG-EHP-006-AIR-EHP,AMS-LAE,PNG-EHP-006,air,Obura-Wonenara air charter,MONTHLY,WED,0,0,0,0,2400,120.54,0.46,great_circle,0.9,Air legs are flown close to the great circle.,,0.75,0.7,0.75,0.85,0.95,1,1,1,0.95,0.9,0.85,0.8,0.73,4.5,TRUE
LN-PNG-EHP-007-AIR-EHP,AMS-LAE,PNG-EHP-007,air,Obura-Wonenara air charter,MONTHLY,WED,0,0,0,0,2400,130.5,0.5,great_circle,0.9,Air legs are flown close to the great circle.,,0.75,0.7,0.75,0.85,0.95,1,1,1,0.95,0.9,0.85,0.8,0.73,4.5,TRUE
LN-PNG-ENB-001-ROAD,AMS-KOK,PNG-ENB-001,road,Kokopo Area Medical Store road distribution,MONTHLY,,0,0,0,0,0,31.5,0.9,detour_factor,0.6,Great circle 22 km x 1.45 detour factor (coastal_road). Replace with OSRM or a field measurement before publishing.,,0.6,0.55,0.65,0.85,1,1,1,1,1,1,0.9,0.7,0.92,2,TRUE
LN-PNG-ENB-002-ROAD,AMS-KOK,PNG-ENB-002,road,Kokopo Area Medical Store road distribution,MONTHLY,,0,0,0,0,0,1.35,0.04,detour_factor,0.6,Great circle 1 km x 1.45 detour factor (coastal_road). Replace with OSRM or a field measurement before publishing.,,1,1,1,1,1,1,1,1,1,1,1,1,0.92,2,TRUE
LN-PNG-ENB-003-ROAD,AMS-KOK,PNG-ENB-003,road,Kokopo Area Medical Store road distribution,MONTHLY,,0,0,0,0,0,36.5,1.04,detour_factor,0.6,Great circle 25 km x 1.45 detour factor (coastal_road). Replace with OSRM or a field measurement before publishing.,,0.6,0.55,0.65,0.85,1,1,1,1,1,1,0.9,0.7,0.92,2,TRUE
LN-PNG-ENB-004-ROAD,AMS-KOK,PNG-ENB-004,road,Kokopo Area Medical Store road distribution,MONTHLY,,0,0,0,0,0,19.98,0.57,detour_factor,0.6,Great circle 14 km x 1.45 detour factor (coastal_road). Replace with OSRM or a field measurement before publishing.,,0.6,0.55,0.65,0.85,1,1,1,1,1,1,0.9,0.7,0.92,2,TRUE
LN-PNG-ENB-005-SEA-POMIO,AMS-KOK,PNG-ENB-005,sea,Kokopo–Pomio workboat,MONTHLY,MON,12.341,0.7854,0,0,169.78,240.83,13.38,detour_factor,0.55,Great circle 197 km x 1.22 to approximate the coastal track.,,0.9,0.85,0.9,0.95,0.7,0.55,0.5,0.55,0.7,0.9,0.95,0.95,0.71,5,TRUE
LN-PNG-ENB-006-SEA-POMIO,AMS-KOK,PNG-ENB-006,sea,Kokopo–Pomio workboat,MONTHLY,MON,9.659,0.6146,0,0,169.78,189.94,10.55,detour_factor,0.55,Great circle 156 km x 1.22 to approximate the coastal track.,,0.9,0.85,0.9,0.95,0.7,0.55,0.5,0.55,0.7,0.9,0.95,0.95,0.71,5,TRUE
LN-PNG-ENG-001-ROAD,AMS-HGN,PNG-ENG-001,road,Mount Hagen Area Medical Store road distribution,MONTHLY,,0,0,0,0,0,122.66,4.38,detour_factor,0.6,Great circle 70 km x 1.75 detour factor (highlands_road). Replace with OSRM or a field measurement before publishing.,,0.8,0.75,0.8,0.95,1,1,1,1,1,1,0.95,0.85,0.92,2,TRUE
LN-PNG-ENG-002-ROAD,AMS-HGN,PNG-ENG-002,road,Mount Hagen Area Medical Store road distribution,MONTHLY,,0,0,0,0,0,80.92,2.89,detour_factor,0.6,Great circle 46 km x 1.75 detour factor (highlands_road). Replace with OSRM or a field measurement before publishing.,,0.8,0.75,0.8,0.95,1,1,1,1,1,1,0.95,0.85,0.92,2,TRUE
LN-PNG-ENG-003-AIRFB,AMS-HGN,PNG-ENG-003,air,Wet season air charter,MONTHLY,ANY,0,0,0,0,3100,95.01,0.37,great_circle,0.9,Air legs are flown close to the great circle.,,0.95,0.9,0.9,0.95,1,1,1,1,1,1,0.95,0.95,0.7,5,TRUE
LN-PNG-ENG-003-ROAD,AMS-HGN,PNG-ENG-003,road,Mount Hagen Area Medical Store road distribution,MONTHLY,,0,0,0,0,0,166.27,5.94,detour_factor,0.6,Great circle 95 km x 1.75 detour factor (highlands_road). Replace with OSRM or a field measurement before publishing.,,0.25,0,0.25,0.55,0.9,1,1,1,1,0.9,0.65,0.4,0.92,2,TRUE
LN-PNG-ENG-004-ROAD,AMS-HGN,PNG-ENG-004,road,Mount Hagen Area Medical Store road distribution,MONTHLY,,0,0,0,0,0,226.91,8.1,detour_factor,0.6,Great circle 130 km x 1.75 detour factor (highlands_road). Replace with OSRM or a field measurement before publishing.,,0.25,0,0.25,0.55,0.9,1,1,1,1,0.9,0.65,0.4,0.92,2,TRUE
LN-PNG-ENG-005-ROAD,AMS-HGN,PNG-ENG-005,road,Mount Hagen Area Medical Store road distribution,MONTHLY,,0,0,0,0,0,114.8,4.1,detour_factor,0.6,Great circle 66 km x 1.75 detour factor (highlands_road). Replace with OSRM or a field measurement before publishing.,,0.25,0,0.25,0.55,0.9,1,1,1,1,0.9,0.65,0.4,0.92,2,TRUE
LN-PNG-ENG-006-ROAD,AMS-HGN,PNG-ENG-006,road,Mount Hagen Area Medical Store road distribution,MONTHLY,,0,0,0,0,0,140.05,5,detour_factor,0.6,Great circle 80 km x 1.75 detour factor (highlands_road). Replace with OSRM or a field measurement before publishing.,,0.25,0,0.25,0.55,0.9,1,1,1,1,0.9,0.65,0.4,0.92,2,TRUE
LN-PNG-ESP-001-AMS-WWK,AMS-WWK,PNG-ESP-001,sea,Wewak Area Medical Store (proposed) — Madang–Sepik coastal service,WEEKLY,SAT,15.915,0.9362,0,0,48.84,1.35,0.08,detour_factor,0.55,Great circle 1 km x 1.22 to approximate the coastal track.,,0.9,0.85,0.9,0.95,0.7,0.55,0.5,0.55,0.7,0.9,0.95,0.95,0.89,2,TRUE
LN-PNG-ESP-001-SEA-SEPIK,AMS-MAD,PNG-ESP-001,sea,Madang–Sepik coastal service,FORTNIGHTLY,SAT,19.894,1.1702,0,0,139.54,364.01,20.22,detour_factor,0.55,Great circle 298 km x 1.22 to approximate the coastal track.,,0.9,0.85,0.9,0.95,0.7,0.55,0.5,0.55,0.7,0.9,0.95,0.95,0.83,3.5,TRUE
LN-PNG-ESP-002-AMS-WWK,AMS-WWK,PNG-ESP-002,sea,Wewak Area Medical Store (proposed) — Madang–Sepik coastal service,WEEKLY,SAT,9.404,0.5532,0,0,48.84,83.08,4.62,detour_factor,0.55,Great circle 68 km x 1.22 to approximate the coastal track.,,0.9,0.85,0.9,0.95,0.7,0.55,0.5,0.55,0.7,0.9,0.95,0.95,0.89,2,TRUE
LN-PNG-ESP-002-SEA-SEPIK,AMS-MAD,PNG-ESP-002,sea,Madang–Sepik coastal service,FORTNIGHTLY,SAT,11.755,0.6915,0,0,139.54,428.56,23.81,detour_factor,0.55,Great circle 351 km x 1.22 to approximate the coastal track.,,0.9,0.85,0.9,0.95,0.7,0.55,0.5,0.55,0.7,0.9,0.95,0.95,0.83,3.5,TRUE
LN-PNG-ESP-003-AMS-WWK,AMS-WWK,PNG-ESP-003,sea,Wewak Area Medical Store (proposed) — Madang–Sepik coastal service,WEEKLY,SAT,7.957,0.4681,0,0,57.66,87.33,4.85,detour_factor,0.55,Great circle 72 km x 1.22 to approximate the coastal track.,,0.9,0.85,0.9,0.95,0.7,0.55,0.5,0.55,0.7,0.9,0.95,0.95,0.89,2,TRUE
LN-PNG-ESP-003-SEA-SEPIK,AMS-MAD,PNG-ESP-003,sea,Madang–Sepik coastal service,FORTNIGHTLY,SAT,9.947,0.5851,0,0,139.54,280.66,15.59,detour_factor,0.55,Great circle 230 km x 1.22 to approximate the coastal track.,,0.9,0.85,0.9,0.95,0.7,0.55,0.5,0.55,0.7,0.9,0.95,0.95,0.83,3.5,TRUE
LN-PNG-ESP-004-AIRFB,AMS-MAD,PNG-ESP-004,air,Wet season air charter,MONTHLY,ANY,0,0,0,0,3100,343.78,1.32,great_circle,0.9,Air legs are flown close to the great circle.,,0.95,0.9,0.9,0.95,1,1,1,1,1,1,0.95,0.95,0.7,5,TRUE
LN-PNG-ESP-004-AMS-WWK,AMS-WWK,PNG-ESP-004,river,Wewak Area Medical Store (proposed) — Sepik River workboat,WEEKLY,TUE,6.892,0.3938,0,0,121.57,180.52,12.89,detour_factor,0.55,Great circle 116 km x 1.55 to approximate the river track.,,1,1,1,1,0.9,0.7,0.55,0.5,0.55,0.75,0.95,1,0.76,3.5,TRUE
LN-PNG-ESP-004-RIV-SEPIK,AMS-MAD,PNG-ESP-004,river,Sepik River workboat,FORTNIGHTLY,TUE,8.615,0.4923,0,0,298.18,532.85,38.06,detour_factor,0.55,Great circle 344 km x 1.55 to approximate the river track.,,1,1,1,1,0.9,0.7,0.55,0.5,0.55,0.75,0.95,1,0.7,5,TRUE
LN-PNG-ESP-005-AMS-WWK,AMS-WWK,PNG-ESP-005,sea,Wewak Area Medical Store (proposed) — Madang–Sepik coastal service,WEEKLY,SAT,5.968,0.3511,0,0,48.84,51.66,2.87,detour_factor,0.55,Great circle 42 km x 1.22 to approximate the coastal track.,,0.9,0.85,0.9,0.95,0.7,0.55,0.5,0.55,0.7,0.9,0.95,0.95,0.89,2,TRUE
LN-PNG-ESP-005-SEA-SEPIK,AMS-MAD,PNG-ESP-005,sea,Madang–Sepik coastal service,FORTNIGHTLY,SAT,7.46,0.4388,0,0,139.54,390.59,21.7,detour_factor,0.55,Great circle 320 km x 1.22 to approximate the coastal track.,,0.9,0.85,0.9,0.95,0.7,0.55,0.5,0.55,0.7,0.9,0.95,0.95,0.83,3.5,TRUE
LN-PNG-ESP-006-AMS-WWK,AMS-WWK,PNG-ESP-006,sea,Wewak Area Medical Store (proposed) — Madang–Sepik coastal service,WEEKLY,SAT,4.883,0.2872,0,0,48.84,88.25,4.9,detour_factor,0.55,Great circle 72 km x 1.22 to approximate the coastal track.,,0.9,0.85,0.9,0.95,0.7,0.55,0.5,0.55,0.7,0.9,0.95,0.95,0.89,2,TRUE
LN-PNG-ESP-006-SEA-SEPIK,AMS-MAD,PNG-ESP-006,sea,Madang–Sepik coastal service,FORTNIGHTLY,SAT,6.104,0.359,0,0,139.54,405.44,22.52,detour_factor,0.55,Great circle 332 km x 1.22 to approximate the coastal track.,,0.9,0.85,0.9,0.95,0.7,0.55,0.5,0.55,0.7,0.9,0.95,0.95,0.83,3.5,TRUE
LN-PNG-ESP-007-AIRFB,AMS-MAD,PNG-ESP-007,air,Wet season air charter,MONTHLY,ANY,0,0,0,0,3100,275.38,1.06,great_circle,0.9,Air legs are flown close to the great circle.,,0.95,0.9,0.9,0.95,1,1,1,1,1,1,0.95,0.95,0.7,5,TRUE
LN-PNG-ESP-007-AMS-WWK,AMS-WWK,PNG-ESP-007,river,Wewak Area Medical Store (proposed) — Sepik River workboat,WEEKLY,TUE,4.308,0.2462,0,0,104.36,108.43,7.75,detour_factor,0.55,Great circle 70 km x 1.55 to approximate the river track.,,1,1,1,1,0.9,0.7,0.55,0.5,0.55,0.75,0.95,1,0.76,3.5,TRUE
LN-PNG-ESP-007-RIV-SEPIK,AMS-MAD,PNG-ESP-007,river,Sepik River workboat,FORTNIGHTLY,TUE,5.385,0.3077,0,0,298.18,426.83,30.49,detour_factor,0.55,Great circle 275 km x 1.55 to approximate the river track.,,1,1,1,1,0.9,0.7,0.55,0.5,0.55,0.75,0.95,1,0.7,5,TRUE
LN-PNG-GUL-001-ROAD,AMS-POM,PNG-GUL-001,road,Port Moresby Area Medical Store road distribution,MONTHLY,,0,0,0,0,0,331.17,9.46,detour_factor,0.6,Great circle 228 km x 1.45 detour factor (coastal_road). Replace with OSRM or a field measurement before publishing.,,0.6,0.55,0.65,0.85,1,1,1,1,1,1,0.9,0.7,0.92,2,TRUE
LN-PNG-GUL-002-AIRFB,AMS-POM,PNG-GUL-002,air,Wet season air charter,MONTHLY,ANY,0,0,0,0,3100,264.6,1.02,great_circle,0.9,Air legs are flown close to the great circle.,,0.95,0.9,0.9,0.95,1,1,1,1,1,1,0.95,0.95,0.7,5,TRUE
LN-PNG-GUL-002-SEA-GULF,AMS-POM,PNG-GUL-002,sea,Moresby–Gulf coastal run,FORTNIGHTLY,TUE,16.268,1.0352,0,0,131.45,322.81,17.93,detour_factor,0.55,Great circle 265 km x 1.22 to approximate the coastal track.,,0.9,0.85,0.9,0.95,0.7,0.55,0.5,0.55,0.7,0.9,0.95,0.95,0.82,3.5,TRUE
LN-PNG-GUL-003-AIRFB,AMS-POM,PNG-GUL-003,air,Wet season air charter,MONTHLY,ANY,0,0,0,0,3100,396.28,1.52,great_circle,0.9,Air legs are flown close to the great circle.,,0.95,0.9,0.9,0.95,1,1,1,1,1,1,0.95,0.95,0.7,5,TRUE
LN-PNG-GUL-003-SEA-GULF,AMS-POM,PNG-GUL-003,sea,Moresby–Gulf coastal run,FORTNIGHTLY,TUE,24.789,1.5775,0,0,131.45,483.47,26.86,detour_factor,0.55,Great circle 396 km x 1.22 to approximate the coastal track.,,0.9,0.85,0.9,0.95,0.7,0.55,0.5,0.55,0.7,0.9,0.95,0.95,0.82,3.5,TRUE
LN-PNG-GUL-004-AIRFB,AMS-POM,PNG-GUL-004,air,Wet season air charter,MONTHLY,ANY,0,0,0,0,3100,341.16,1.31,great_circle,0.9,Air legs are flown close to the great circle.,,0.95,0.9,0.9,0.95,1,1,1,1,1,1,0.95,0.95,0.7,5,TRUE
LN-PNG-GUL-004-SEA-GULF,AMS-POM,PNG-GUL-004,sea,Moresby–Gulf coastal run,FORTNIGHTLY,TUE,13.944,0.8873,0,0,131.45,416.21,23.12,detour_factor,0.55,Great circle 341 km x 1.22 to approximate the coastal track.,,0.9,0.85,0.9,0.95,0.7,0.55,0.5,0.55,0.7,0.9,0.95,0.95,0.82,3.5,TRUE
LN-PNG-GUL-005-AIRFB,AMS-POM,PNG-GUL-005,air,Wet season air charter,MONTHLY,ANY,0,0,0,0,3100,190.55,0.73,great_circle,0.9,Air legs are flown close to the great circle.,,0.95,0.9,0.9,0.95,1,1,1,1,1,1,0.95,0.95,0.7,5,TRUE
LN-PNG-GUL-005-ROAD,AMS-POM,PNG-GUL-005,road,Port Moresby Area Medical Store road distribution,MONTHLY,,0,0,0,0,0,276.29,7.89,detour_factor,0.6,Great circle 191 km x 1.45 detour factor (coastal_road). Replace with OSRM or a field measurement before publishing.,,0,0,0,0.35,0.85,1,1,1,1,0.85,0.45,0.15,0.92,2,TRUE
LN-PNG-GUL-006-AIR-GULF,AMS-POM,PNG-GUL-006,air,Gulf interior air charter,MONTHLY,WED,0,0,0,0,2500,255.89,0.98,great_circle,0.9,Air legs are flown close to the great circle.,,0.75,0.7,0.75,0.85,0.95,1,1,1,0.95,0.9,0.85,0.8,0.74,4,TRUE
LN-PNG-HEL-001-AIRFB,AMS-HGN,PNG-HEL-001,air,Wet season air charter,MONTHLY,ANY,0,0,0,0,3100,142.69,0.55,great_circle,0.9,Air legs are flown close to the great circle.,,0.95,0.9,0.9,0.95,1,1,1,1,1,1,0.95,0.95,0.7,5,TRUE
LN-PNG-HEL-001-ROAD,AMS-HGN,PNG-HEL-001,road,Mount Hagen Area Medical Store road distribution,MONTHLY,,0,0,0,0,0,249.72,8.92,detour_factor,0.6,Great circle 143 km x 1.75 detour factor (highlands_road). Replace with OSRM or a field measurement before publishing.,,0.25,0,0.25,0.55,0.9,1,1,1,1,0.9,0.65,0.4,0.92,2,TRUE
LN-PNG-HEL-002-AIRFB,AMS-HGN,PNG-HEL-002,air,Wet season air charter,MONTHLY,ANY,0,0,0,0,3100,167.72,0.65,great_circle,0.9,Air legs are flown close to the great circle.,,0.95,0.9,0.9,0.95,1,1,1,1,1,1,0.95,0.95,0.7,5,TRUE
LN-PNG-HEL-002-ROAD,AMS-HGN,PNG-HEL-002,road,Mount Hagen Area Medical Store road distribution,MONTHLY,,0,0,0,0,0,293.5,10.48,detour_factor,0.6,Great circle 168 km x 1.75 detour factor (highlands_road). Replace with OSRM or a field measurement before publishing.,,0.25,0,0.25,0.55,0.9,1,1,1,1,0.9,0.65,0.4,0.92,2,TRUE
LN-PNG-HEL-003-ROAD,AMS-HGN,PNG-HEL-003,road,Mount Hagen Area Medical Store road distribution,MONTHLY,,0,0,0,0,0,271.38,9.69,detour_factor,0.6,Great circle 155 km x 1.75 detour factor (highlands_road). Replace with OSRM or a field measurement before publishing.,,0.25,0,0.25,0.55,0.9,1,1,1,1,0.9,0.65,0.4,0.92,2,TRUE
LN-PNG-HEL-004-ROAD,AMS-HGN,PNG-HEL-004,road,Mount Hagen Area Medical Store road distribution,MONTHLY,,0,0,0,0,0,202.96,7.25,detour_factor,0.6,Great circle 116 km x 1.75 detour factor (highlands_road). Replace with OSRM or a field measurement before publishing.,,0.25,0,0.25,0.55,0.9,1,1,1,1,0.9,0.65,0.4,0.92,2,TRUE
LN-PNG-HEL-005-AIR-HELA,AMS-HGN,PNG-HEL-005,air,Lake Kopiago air charter,MONTHLY,THU,0,0,0,0,2600,201.21,0.77,great_circle,0.9,Air legs are flown close to the great circle.,,0.75,0.7,0.75,0.85,0.95,1,1,1,0.95,0.9,0.85,0.8,0.72,4.5,TRUE
LN-PNG-JIW-001-ROAD,AMS-HGN,PNG-JIW-001,road,Mount Hagen Area Medical Store road distribution,MONTHLY,,0,0,0,0,0,82.85,2.96,detour_factor,0.6,Great circle 47 km x 1.75 detour factor (highlands_road). Replace with OSRM or a field measurement before publishing.,,0.8,0.75,0.8,0.95,1,1,1,1,1,1,0.95,0.85,0.92,2,TRUE
LN-PNG-JIW-002-ROAD,AMS-HGN,PNG-JIW-002,road,Mount Hagen Area Medical Store road distribution,MONTHLY,,0,0,0,0,0,73.57,2.63,detour_factor,0.6,Great circle 42 km x 1.75 detour factor (highlands_road). Replace with OSRM or a field measurement before publishing.,,0.8,0.75,0.8,0.95,1,1,1,1,1,1,0.95,0.85,0.92,2,TRUE
LN-PNG-JIW-003-ROAD,AMS-HGN,PNG-JIW-003,road,Mount Hagen Area Medical Store road distribution,MONTHLY,,0,0,0,0,0,66.53,2.38,detour_factor,0.6,Great circle 38 km x 1.75 detour factor (highlands_road). Replace with OSRM or a field measurement before publishing.,,0.8,0.75,0.8,0.95,1,1,1,1,1,1,0.95,0.85,0.92,2,TRUE
LN-PNG-JIW-004-ROAD,AMS-HGN,PNG-JIW-004,road,Mount Hagen Area Medical Store road distribution,MONTHLY,,0,0,0,0,0,98.78,3.53,detour_factor,0.6,Great circle 56 km x 1.75 detour factor (highlands_road). Replace with OSRM or a field measurement before publishing.,,0.25,0,0.25,0.55,0.9,1,1,1,1,0.9,0.65,0.4,0.92,2,TRUE
LN-PNG-JIW-005-AIR-JIWAKA,AMS-HGN,PNG-JIW-005,air,Jimi Valley air charter,MONTHLY,MON,0,0,0,0,2200,53.72,0.21,great_circle,0.9,Air legs are flown close to the great circle.,,0.75,0.7,0.75,0.85,0.95,1,1,1,0.95,0.9,0.85,0.8,0.76,4,TRUE
LN-PNG-MAD-001-ROAD,AMS-MAD,PNG-MAD-001,road,Madang Area Medical Store road distribution,MONTHLY,,0,0,0,0,0,1.39,0.03,detour_factor,0.6,Great circle 1 km x 1.35 detour factor (mainland_road). Replace with OSRM or a field measurement before publishing.,,1,1,1,1,1,1,1,1,1,1,1,1,0.92,2,TRUE
LN-PNG-MAD-002-AIRFB,AMS-MAD,PNG-MAD-002,air,Wet season air charter,MONTHLY,ANY,0,0,0,0,3100,139.86,0.54,great_circle,0.9,Air legs are flown close to the great circle.,,0.95,0.9,0.9,0.95,1,1,1,1,1,1,0.95,0.95,0.7,5,TRUE
LN-PNG-MAD-002-ROAD,AMS-MAD,PNG-MAD-002,road,Madang Area Medical Store road distribution,MONTHLY,,0,0,0,0,0,202.79,5.79,detour_factor,0.6,Great circle 140 km x 1.45 detour factor (coastal_road). Replace with OSRM or a field measurement before publishing.,,0,0,0,0.35,0.85,1,1,1,1,0.85,0.45,0.15,0.92,2,TRUE
LN-PNG-MAD-003-SEA-RAICOAST,AMS-MAD,PNG-MAD-003,sea,Madang–Rai Coast workboat,WEEKLY,WED,8.667,0.5417,0,0,169.01,106.06,5.89,detour_factor,0.55,Great circle 87 km x 1.22 to approximate the coastal track.,,0.9,0.85,0.9,0.95,0.7,0.55,0.5,0.55,0.7,0.9,0.95,0.95,0.8,3,TRUE
LN-PNG-MAD-004-SEA-RAICOAST,AMS-MAD,PNG-MAD-004,sea,Madang–Rai Coast workboat,WEEKLY,WED,7.333,0.4583,0,0,169.01,80.93,4.5,detour_factor,0.55,Great circle 66 km x 1.22 to approximate the coastal track.,,0.95,0.9,0.95,1,1,1,1,1,1,1,1,0.95,0.8,3,TRUE
LN-PNG-MAD-005-AIRFB,AMS-MAD,PNG-MAD-005,air,Wet season air charter,MONTHLY,ANY,0,0,0,0,3100,75.74,0.29,great_circle,0.9,Air legs are flown close to the great circle.,,0.95,0.9,0.9,0.95,1,1,1,1,1,1,0.95,0.95,0.7,5,TRUE
LN-PNG-MAD-005-ROAD,AMS-MAD,PNG-MAD-005,road,Madang Area Medical Store road distribution,MONTHLY,,0,0,0,0,0,132.55,4.73,detour_factor,0.6,Great circle 76 km x 1.75 detour factor (highlands_road). Replace with OSRM or a field measurement before publishing.,,0,0,0,0.35,0.85,1,1,1,1,0.85,0.45,0.15,0.92,2,TRUE
LN-PNG-MAD-006-AIR-RAMU,AMS-MAD,PNG-MAD-006,air,Ramu–Middle Ramu air charter,MONTHLY,TUE,0,0,0,0,2450,98.78,0.38,great_circle,0.9,Air legs are flown close to the great circle.,,0.95,0.9,0.9,0.95,1,1,1,1,1,1,0.95,0.95,0.74,4,TRUE
LN-PNG-MAD-007-AIR-RAMU,AMS-MAD,PNG-MAD-007,air,Ramu–Middle Ramu air charter,MONTHLY,TUE,0,0,0,0,2450,139.33,0.54,great_circle,0.9,Air legs are flown close to the great circle.,,0.75,0.7,0.75,0.85,0.95,1,1,1,0.95,0.9,0.85,0.8,0.74,4,TRUE
LN-PNG-MAN-001-SEA-MANUS,AMS-MAD,PNG-MAN-001,sea,Madang–Manus service,MONTHLY,SUN,25.5,1.4167,0,0,300.32,477.86,26.55,detour_factor,0.55,Great circle 392 km x 1.22 to approximate the coastal track.,,0.9,0.85,0.9,0.95,0.7,0.55,0.5,0.55,0.7,0.9,0.95,0.95,0.76,5.5,TRUE
LN-PNG-MAN-002-SEA-MANUS,AMS-MAD,PNG-MAN-002,sea,Madang–Manus service,MONTHLY,SUN,6.75,0.375,0,0,300.32,482.12,26.78,detour_factor,0.55,Great circle 395 km x 1.22 to approximate the coastal track.,,0.9,0.85,0.9,0.95,0.7,0.55,0.5,0.55,0.7,0.9,0.95,0.95,0.76,5.5,TRUE
LN-PNG-MAN-003-SEA-MANUS,AMS-MAD,PNG-MAN-003,sea,Madang–Manus service,MONTHLY,SUN,4.875,0.2708,0,0,300.32,480.24,26.68,detour_factor,0.55,Great circle 394 km x 1.22 to approximate the coastal track.,,0.9,0.85,0.9,0.95,0.7,0.55,0.5,0.55,0.7,0.9,0.95,0.95,0.76,5.5,TRUE
LN-PNG-MAN-004-SEA-MANUS,AMS-MAD,PNG-MAN-004,sea,Madang–Manus service,MONTHLY,SUN,4.125,0.2292,0,0,300.32,481.26,26.74,detour_factor,0.55,Great circle 394 km x 1.22 to approximate the coastal track.,,0.9,0.85,0.9,0.95,0.7,0.55,0.5,0.55,0.7,0.9,0.95,0.95,0.76,5.5,TRUE
LN-PNG-MAN-005-SEA-MANUS,AMS-MAD,PNG-MAN-005,sea,Madang–Manus service,MONTHLY,SUN,3.75,0.2083,0,0,300.32,412.79,22.93,detour_factor,0.55,Great circle 338 km x 1.22 to approximate the coastal track.,,0.9,0.85,0.9,0.95,0.7,0.55,0.5,0.55,0.7,0.9,0.95,0.95,0.76,5.5,TRUE
LN-PNG-MBP-001-AMS-ALO,AMS-ALO,PNG-MBP-001,sea,Alotau Area Medical Store (proposed) — Moresby–Alotau coastal service,WEEKLY,WED,47.089,2.8253,0,0,43.32,0.71,0.04,detour_factor,0.55,Great circle 1 km x 1.22 to approximate the coastal track.,,0.9,0.85,0.9,0.95,0.7,0.55,0.5,0.55,0.7,0.9,0.95,0.95,0.91,1.5,TRUE
LN-PNG-MBP-001-SEA-MILNEBAY,AMS-POM,PNG-MBP-001,sea,Moresby–Alotau coastal service,FORTNIGHTLY,WED,58.861,3.5316,0,0,123.76,448.61,24.92,detour_factor,0.55,Great circle 368 km x 1.22 to approximate the coastal track.,,0.9,0.85,0.9,0.95,0.7,0.55,0.5,0.55,0.7,0.9,0.95,0.95,0.85,3,TRUE
LN-PNG-MBP-002-AMS-ALO,AMS-ALO,PNG-MBP-002,sea,Alotau Area Medical Store (proposed) — Milne Bay island run,WEEKLY,TUE,4.054,0.2703,0,0,294.34,259.4,14.41,detour_factor,0.55,Great circle 213 km x 1.22 to approximate the coastal track.,,0.9,0.85,0.9,0.95,0.7,0.55,0.5,0.55,0.7,0.9,0.95,0.95,0.8,2.5,TRUE
LN-PNG-MBP-002-SEA-LOUISIADE,AMS-POM,PNG-MBP-002,sea,Milne Bay island run,WEEKLY,TUE,5.068,0.3379,0,0,556.82,534.23,29.68,detour_factor,0.55,Great circle 438 km x 1.22 to approximate the coastal track.,,0.9,0.85,0.9,0.95,0.7,0.55,0.5,0.55,0.7,0.9,0.95,0.95,0.74,4,TRUE
LN-PNG-MBP-003-AMS-ALO,AMS-ALO,PNG-MBP-003,sea,Alotau Area Medical Store (proposed) — Milne Bay island run,WEEKLY,TUE,2.936,0.1957,0,0,247.57,310.17,17.23,detour_factor,0.55,Great circle 254 km x 1.22 to approximate the coastal track.,,0.9,0.85,0.9,0.95,0.7,0.55,0.5,0.55,0.7,0.9,0.95,0.95,0.8,2.5,TRUE
LN-PNG-MBP-003-SEA-LOUISIADE,AMS-POM,PNG-MBP-003,sea,Milne Bay island run,WEEKLY,TUE,3.67,0.2447,0,0,556.82,758.57,42.14,detour_factor,0.55,Great circle 622 km x 1.22 to approximate the coastal track.,,0.9,0.85,0.9,0.95,0.7,0.55,0.5,0.55,0.7,0.9,0.95,0.95,0.74,4,TRUE
LN-PNG-MBP-004-AMS-ALO,AMS-ALO,PNG-MBP-004,sea,Alotau Area Medical Store (proposed) — Milne Bay island run,WEEKLY,TUE,3.355,0.2237,0,0,194.89,72.75,4.04,detour_factor,0.55,Great circle 60 km x 1.22 to approximate the coastal track.,,0.9,0.85,0.9,0.95,0.7,0.55,0.5,0.55,0.7,0.9,0.95,0.95,0.8,2.5,TRUE
LN-PNG-MBP-004-SEA-LOUISIADE,AMS-POM,PNG-MBP-004,sea,Milne Bay island run,WEEKLY,TUE,4.194,0.2796,0,0,556.82,483.91,26.88,detour_factor,0.55,Great circle 397 km x 1.22 to approximate the coastal track.,,0.9,0.85,0.9,0.95,0.7,0.55,0.5,0.55,0.7,0.9,0.95,0.95,0.74,4,TRUE
LN-PNG-MBP-005-AMS-ALO,AMS-ALO,PNG-MBP-005,sea,Alotau Area Medical Store (proposed) — Milne Bay island run,WEEKLY,TUE,1.957,0.1305,0,0,194.89,49.73,2.76,detour_factor,0.55,Great circle 41 km x 1.22 to approximate the coastal track.,,0.9,0.85,0.9,0.95,0.7,0.55,0.5,0.55,0.7,0.9,0.95,0.95,0.8,2.5,TRUE
LN-PNG-MBP-005-SEA-LOUISIADE,AMS-POM,PNG-MBP-005,sea,Milne Bay island run,WEEKLY,TUE,2.447,0.1631,0,0,556.82,488.03,27.11,detour_factor,0.55,Great circle 400 km x 1.22 to approximate the coastal track.,,0.9,0.85,0.9,0.95,0.7,0.55,0.5,0.55,0.7,0.9,0.95,0.95,0.74,4,TRUE
LN-PNG-MBP-006-AMS-ALO,AMS-ALO,PNG-MBP-006,sea,Alotau Area Medical Store (proposed) — Moresby–Alotau coastal service,WEEKLY,WED,12.911,0.7747,0,0,43.57,94.43,5.25,detour_factor,0.55,Great circle 77 km x 1.22 to approximate the coastal track.,,0.9,0.85,0.9,0.95,0.7,0.55,0.5,0.55,0.7,0.9,0.95,0.95,0.91,1.5,TRUE
LN-PNG-MBP-006-SEA-MILNEBAY,AMS-POM,PNG-MBP-006,sea,Moresby–Alotau coastal service,FORTNIGHTLY,WED,16.139,0.9684,0,0,123.76,358.09,19.89,detour_factor,0.55,Great circle 294 km x 1.22 to approximate the coastal track.,,0.9,0.85,0.9,0.95,0.7,0.55,0.5,0.55,0.7,0.9,0.95,0.95,0.85,3,TRUE
LN-PNG-MBP-007-AMS-ALO,AMS-ALO,PNG-MBP-007,sea,Alotau Area Medical Store (proposed) — Milne Bay island run,WEEKLY,TUE,2.097,0.1398,0,0,222.96,133.75,7.43,detour_factor,0.55,Great circle 110 km x 1.22 to approximate the coastal track.,,0.9,0.85,0.9,0.95,0.7,0.55,0.5,0.55,0.7,0.9,0.95,0.95,0.8,2.5,TRUE
LN-PNG-MBP-007-SEA-LOUISIADE,AMS-POM,PNG-MBP-007,sea,Milne Bay island run,WEEKLY,TUE,2.621,0.1748,0,0,556.82,407.1,22.62,detour_factor,0.55,Great circle 334 km x 1.22 to approximate the coastal track.,,0.9,0.85,0.9,0.95,0.7,0.55,0.5,0.55,0.7,0.9,0.95,0.95,0.74,4,TRUE
LN-PNG-MOR-001-ROAD,AMS-LAE,PNG-MOR-001,road,Lae Area Medical Store road distribution,MONTHLY,,0,0,0,0,0,1.06,0.02,detour_factor,0.6,Great circle 1 km x 1.35 detour factor (mainland_road). Replace with OSRM or a field measurement before publishing.,,1,1,1,1,1,1,1,1,1,1,1,1,0.92,2,TRUE
LN-PNG-MOR-002-ROAD,AMS-LAE,PNG-MOR-002,road,Lae Area Medical Store road distribution,MONTHLY,,0,0,0,0,0,113.39,4.05,detour_factor,0.6,Great circle 65 km x 1.75 detour factor (highlands_road). Replace with OSRM or a field measurement before publishing.,,0.8,0.75,0.8,0.95,1,1,1,1,1,1,0.95,0.85,0.92,2,TRUE
LN-PNG-MOR-003-ROAD,AMS-LAE,PNG-MOR-003,road,Lae Area Medical Store road distribution,MONTHLY,,0,0,0,0,0,129.6,4.63,detour_factor,0.6,Great circle 74 km x 1.75 detour factor (highlands_road). Replace with OSRM or a field measurement before publishing.,,0.25,0,0.25,0.55,0.9,1,1,1,1,0.9,0.65,0.4,0.92,2,TRUE
LN-PNG-MOR-004-SEA-HUON,AMS-LAE,PNG-MOR-004,sea,Lae–Huon coastal run,WEEKLY,"MON,THU",22.78,1.4237,0,0,117.09,117.11,6.51,detour_factor,0.55,Great circle 96 km x 1.22 to approximate the coastal track.,,0.9,0.85,0.9,0.95,0.7,0.55,0.5,0.55,0.7,0.9,0.95,0.95,0.86,2.5,TRUE
LN-PNG-MOR-005-ROAD,AMS-LAE,PNG-MOR-005,road,Lae Area Medical Store road distribution,MONTHLY,,0,0,0,0,0,209.49,7.48,detour_factor,0.6,Great circle 120 km x 1.75 detour factor (highlands_road). Replace with OSRM or a field measurement before publishing.,,0.25,0,0.25,0.55,0.9,1,1,1,1,0.9,0.65,0.4,0.92,2,TRUE
LN-PNG-MOR-006-AIR-HUON,AMS-LAE,PNG-MOR-006,air,Huon interior air charter,MONTHLY,FRI,0,0,0,0,2300,64.55,0.25,great_circle,0.9,Air legs are flown close to the great circle.,,0.75,0.7,0.75,0.85,0.95,1,1,1,0.95,0.9,0.85,0.8,0.76,4,TRUE
LN-PNG-MOR-007-SEA-HUON,AMS-LAE,PNG-MOR-007,sea,Lae–Huon coastal run,WEEKLY,"MON,THU",9.22,0.5763,0,0,117.09,106.12,5.9,detour_factor,0.55,Great circle 87 km x 1.22 to approximate the coastal track.,,0.9,0.85,0.9,0.95,0.7,0.55,0.5,0.55,0.7,0.9,0.95,0.95,0.86,2.5,TRUE
LN-PNG-MOR-008-ROAD,AMS-LAE,PNG-MOR-008,road,Lae Area Medical Store road distribution,MONTHLY,,0,0,0,0,0,101.42,3.62,detour_factor,0.6,Great circle 58 km x 1.75 detour factor (highlands_road). Replace with OSRM or a field measurement before publishing.,,0.8,0.75,0.8,0.95,1,1,1,1,1,1,0.95,0.85,0.92,2,TRUE
LN-PNG-NCD-001-ROAD,AMS-POM,PNG-NCD-001,road,Port Moresby Area Medical Store road distribution,MONTHLY,,0,0,0,0,0,4.28,0.1,detour_factor,0.6,Great circle 3 km x 1.35 detour factor (mainland_road). Replace with OSRM or a field measurement before publishing.,,1,1,1,1,1,1,1,1,1,1,1,1,0.92,2,TRUE
LN-PNG-NCD-002-ROAD,AMS-POM,PNG-NCD-002,road,Port Moresby Area Medical Store road distribution,MONTHLY,,0,0,0,0,0,13.54,0.3,detour_factor,0.6,Great circle 10 km x 1.35 detour factor (mainland_road). Replace with OSRM or a field measurement before publishing.,,1,1,1,1,1,1,1,1,1,1,1,1,0.92,2,TRUE
LN-PNG-NCD-003-ROAD,AMS-POM,PNG-NCD-003,road,Port Moresby Area Medical Store road distribution,MONTHLY,,0,0,0,0,0,1.51,0.03,detour_factor,0.6,Great circle 1 km x 1.35 detour factor (mainland_road). Replace with OSRM or a field measurement before publishing.,,1,1,1,1,1,1,1,1,1,1,1,1,0.92,2,TRUE
LN-PNG-NCD-004-ROAD,AMS-POM,PNG-NCD-004,road,Port Moresby Area Medical Store road distribution,MONTHLY,,0,0,0,0,0,5.29,0.12,detour_factor,0.6,Great circle 4 km x 1.35 detour factor (mainland_road). Replace with OSRM or a field measurement before publishing.,,1,1,1,1,1,1,1,1,1,1,1,1,0.92,2,TRUE
LN-PNG-NCD-005-ROAD,AMS-POM,PNG-NCD-005,road,Port Moresby Area Medical Store road distribution,MONTHLY,,0,0,0,0,0,11.21,0.25,detour_factor,0.6,Great circle 8 km x 1.35 detour factor (mainland_road). Replace with OSRM or a field measurement before publishing.,,1,1,1,1,1,1,1,1,1,1,1,1,0.92,2,TRUE
LN-PNG-NIP-001-SEA-NEWIRELAND,AMS-KOK,PNG-NIP-001,sea,Kokopo–New Ireland coastal run,WEEKLY,TUE,14.321,1.0025,0,0,161.14,311.37,17.3,detour_factor,0.55,Great circle 255 km x 1.22 to approximate the coastal track.,,0.95,0.9,0.95,1,1,1,1,1,1,1,1,0.95,0.87,2.5,TRUE
LN-PNG-NIP-002-SEA-NEWIRELAND,AMS-KOK,PNG-NIP-002,sea,Kokopo–New Ireland coastal run,WEEKLY,TUE,11.358,0.7951,0,0,161.14,94.96,5.28,detour_factor,0.55,Great circle 78 km x 1.22 to approximate the coastal track.,,0.95,0.9,0.95,1,1,1,1,1,1,1,1,0.95,0.87,2.5,TRUE
LN-PNG-NIP-003-SEA-NEWIRELAND,AMS-KOK,PNG-NIP-003,sea,Kokopo–New Ireland coastal run,WEEKLY,TUE,4.691,0.3284,0,0,161.14,182.8,10.16,detour_factor,0.55,Great circle 150 km x 1.22 to approximate the coastal track.,,0.9,0.85,0.9,0.95,0.7,0.55,0.5,0.55,0.7,0.9,0.95,0.95,0.87,2.5,TRUE
LN-PNG-NIP-004-SEA-NEWIRELAND,AMS-KOK,PNG-NIP-004,sea,Kokopo–New Ireland coastal run,WEEKLY,TUE,4.198,0.2938,0,0,161.14,175.95,9.78,detour_factor,0.55,Great circle 144 km x 1.22 to approximate the coastal track.,,0.95,0.9,0.95,1,1,1,1,1,1,1,1,0.95,0.87,2.5,TRUE
LN-PNG-NIP-005-SEA-NEWIRELAND,AMS-KOK,PNG-NIP-005,sea,Kokopo–New Ireland coastal run,WEEKLY,TUE,1.975,0.1383,0,0,161.14,205.12,11.4,detour_factor,0.55,Great circle 168 km x 1.22 to approximate the coastal track.,,0.9,0.85,0.9,0.95,0.7,0.55,0.5,0.55,0.7,0.9,0.95,0.95,0.87,2.5,TRUE
LN-PNG-NIP-006-SEA-NEWIRELAND,AMS-KOK,PNG-NIP-006,sea,Kokopo–New Ireland coastal run,WEEKLY,TUE,3.457,0.242,0,0,161.14,368.78,20.49,detour_factor,0.55,Great circle 302 km x 1.22 to approximate the coastal track.,,0.9,0.85,0.9,0.95,0.7,0.55,0.5,0.55,0.7,0.9,0.95,0.95,0.87,2.5,TRUE
LN-PNG-ORO-001-SEA-ORO,AMS-LAE,PNG-ORO-001,sea,Lae–Oro coastal run,FORTNIGHTLY,FRI,32.519,1.8969,0,0,129.16,323.36,17.96,detour_factor,0.55,Great circle 265 km x 1.22 to approximate the coastal track.,,0.9,0.85,0.9,0.95,0.7,0.55,0.5,0.55,0.7,0.9,0.95,0.95,0.84,3,TRUE
LN-PNG-ORO-002-SEA-ORO,AMS-LAE,PNG-ORO-002,sea,Lae–Oro coastal run,FORTNIGHTLY,FRI,10.076,0.5878,0,0,129.16,308.79,17.16,detour_factor,0.55,Great circle 253 km x 1.22 to approximate the coastal track.,,0.9,0.85,0.9,0.95,0.7,0.55,0.5,0.55,0.7,0.9,0.95,0.95,0.84,3,TRUE
LN-PNG-ORO-003-SEA-ORO,AMS-LAE,PNG-ORO-003,sea,Lae–Oro coastal run,FORTNIGHTLY,FRI,5.954,0.3473,0,0,129.16,447.3,24.85,detour_factor,0.55,Great circle 367 km x 1.22 to approximate the coastal track.,,0.9,0.85,0.9,0.95,0.7,0.55,0.5,0.55,0.7,0.9,0.95,0.95,0.84,3,TRUE
LN-PNG-ORO-004-AIR-ORO,AMS-LAE,PNG-ORO-004,air,Oro interior air charter,MONTHLY,MON,0,0,0,0,2400,315.98,1.22,great_circle,0.9,Air legs are flown close to the great circle.,,0.75,0.7,0.75,0.85,0.95,1,1,1,0.95,0.9,0.85,0.8,0.75,4,TRUE
LN-PNG-ORO-005-SEA-ORO,AMS-LAE,PNG-ORO-005,sea,Lae–Oro coastal run,FORTNIGHTLY,FRI,5.038,0.2939,0,0,129.16,459,25.5,detour_factor,0.55,Great circle 376 km x 1.22 to approximate the coastal track.,,0.9,0.85,0.9,0.95,0.7,0.55,0.5,0.55,0.7,0.9,0.95,0.95,0.84,3,TRUE
LN-PNG-ORO-006-SEA-ORO,AMS-LAE,PNG-ORO-006,sea,Lae–Oro coastal run,FORTNIGHTLY,FRI,6.412,0.374,0,0,129.16,306.91,17.05,detour_factor,0.55,Great circle 252 km x 1.22 to approximate the coastal track.,,0.9,0.85,0.9,0.95,0.7,0.55,0.5,0.55,0.7,0.9,0.95,0.95,0.84,3,TRUE
LN-PNG-SAN-001-AMS-WWK,AMS-WWK,PNG-SAN-001,sea,Wewak Area Medical Store (proposed) — Madang–Sepik coastal service,WEEKLY,SAT,8.5,0.5,0,0,72.88,341.41,18.97,detour_factor,0.55,Great circle 280 km x 1.22 to approximate the coastal track.,,0.9,0.85,0.9,0.95,0.7,0.55,0.5,0.55,0.7,0.9,0.95,0.95,0.89,2,TRUE
LN-PNG-SAN-001-SEA-SEPIK,AMS-MAD,PNG-SAN-001,sea,Madang–Sepik coastal service,FORTNIGHTLY,SAT,10.625,0.625,0,0,139.54,698.29,38.79,detour_factor,0.55,Great circle 572 km x 1.22 to approximate the coastal track.,,0.9,0.85,0.9,0.95,0.7,0.55,0.5,0.55,0.7,0.9,0.95,0.95,0.83,3.5,TRUE
LN-PNG-SAN-002-AMS-WWK,AMS-WWK,PNG-SAN-002,sea,Wewak Area Medical Store (proposed) — Madang–Sepik coastal service,WEEKLY,SAT,7.053,0.4149,0,0,55.43,186.92,10.38,detour_factor,0.55,Great circle 153 km x 1.22 to approximate the coastal track.,,0.9,0.85,0.9,0.95,0.7,0.55,0.5,0.55,0.7,0.9,0.95,0.95,0.89,2,TRUE
LN-PNG-SAN-002-SEA-SEPIK,AMS-MAD,PNG-SAN-002,sea,Madang–Sepik coastal service,FORTNIGHTLY,SAT,8.816,0.5186,0,0,139.54,544.61,30.26,detour_factor,0.55,Great circle 446 km x 1.22 to approximate the coastal track.,,0.9,0.85,0.9,0.95,0.7,0.55,0.5,0.55,0.7,0.9,0.95,0.95,0.83,3.5,TRUE
LN-PNG-SAN-003-AMS-WWK,AMS-WWK,PNG-SAN-003,sea,Wewak Area Medical Store (proposed) — Madang–Sepik coastal service,WEEKLY,SAT,4.34,0.2553,0,0,61.73,220.55,12.25,detour_factor,0.55,Great circle 181 km x 1.22 to approximate the coastal track.,,0.9,0.85,0.9,0.95,0.7,0.55,0.5,0.55,0.7,0.9,0.95,0.95,0.89,2,TRUE
LN-PNG-SAN-003-SEA-SEPIK,AMS-MAD,PNG-SAN-003,sea,Madang–Sepik coastal service,FORTNIGHTLY,SAT,5.426,0.3191,0,0,139.54,560.1,31.12,detour_factor,0.55,Great circle 459 km x 1.22 to approximate the coastal track.,,0.9,0.85,0.9,0.95,0.7,0.55,0.5,0.55,0.7,0.9,0.95,0.95,0.83,3.5,TRUE
LN-PNG-SAN-004-AMS-WWK,AMS-WWK,PNG-SAN-004,sea,Wewak Area Medical Store (proposed) — Madang–Sepik coastal service,WEEKLY,SAT,3.979,0.234,0,0,53.61,159.88,8.88,detour_factor,0.55,Great circle 131 km x 1.22 to approximate the coastal track.,,0.9,0.85,0.9,0.95,0.7,0.55,0.5,0.55,0.7,0.9,0.95,0.95,0.89,2,TRUE
LN-PNG-SAN-004-SEA-SEPIK,AMS-MAD,PNG-SAN-004,sea,Madang–Sepik coastal service,FORTNIGHTLY,SAT,4.973,0.2926,0,0,139.54,494.37,27.47,detour_factor,0.55,Great circle 405 km x 1.22 to approximate the coastal track.,,0.9,0.85,0.9,0.95,0.7,0.55,0.5,0.55,0.7,0.9,0.95,0.95,0.83,3.5,TRUE
LN-PNG-SAN-005-AIR-SANDAUN,AMS-MAD,PNG-SAN-005,air,Telefomin–Oksapmin air charter,MONTHLY,WED,0,0,0,0,2800,460.47,1.77,great_circle,0.9,Air legs are flown close to the great circle.,,0.75,0.7,0.75,0.85,0.95,1,1,1,0.95,0.9,0.85,0.8,0.7,5,TRUE
LN-PNG-SAN-005-AMS-WWK,AMS-WWK,PNG-SAN-005,air,Wewak Area Medical Store (proposed) — Telefomin–Oksapmin air charter,WEEKLY,WED,0,0,0,0,1808.07,283.17,1.09,great_circle,0.9,Air legs are flown close to the great circle.,,0.75,0.7,0.75,0.85,0.95,1,1,1,0.95,0.9,0.85,0.8,0.76,3.5,TRUE
LN-PNG-SAN-006-AIR-SANDAUN,AMS-MAD,PNG-SAN-006,air,Telefomin–Oksapmin air charter,MONTHLY,WED,0,0,0,0,2800,538.68,2.07,great_circle,0.9,Air legs are flown close to the great circle.,,0.95,0.9,0.9,0.95,1,1,1,1,1,1,0.95,0.95,0.7,5,TRUE
LN-PNG-SAN-006-AMS-WWK,AMS-WWK,PNG-SAN-006,air,Wewak Area Medical Store (proposed) — Telefomin–Oksapmin air charter,WEEKLY,WED,0,0,0,0,1505.57,271.16,1.04,great_circle,0.9,Air legs are flown close to the great circle.,,0.95,0.9,0.9,0.95,1,1,1,1,1,1,0.95,0.95,0.76,3.5,TRUE
LN-PNG-SAN-007-AIR-SANDAUN,AMS-MAD,PNG-SAN-007,air,Telefomin–Oksapmin air charter,MONTHLY,WED,0,0,0,0,2800,395.68,1.52,great_circle,0.9,Air legs are flown close to the great circle.,,0.75,0.7,0.75,0.85,0.95,1,1,1,0.95,0.9,0.85,0.8,0.7,5,TRUE
LN-PNG-SAN-007-AMS-WWK,AMS-WWK,PNG-SAN-007,air,Wewak Area Medical Store (proposed) — Telefomin–Oksapmin air charter,WEEKLY,WED,0,0,0,0,1830.4,244.81,0.94,great_circle,0.9,Air legs are flown close to the great circle.,,0.75,0.7,0.75,0.85,0.95,1,1,1,0.95,0.9,0.85,0.8,0.76,3.5,TRUE
LN-PNG-SHP-001-ROAD,AMS-HGN,PNG-SHP-001,road,Mount Hagen Area Medical Store road distribution,MONTHLY,,0,0,0,0,0,126.8,4.53,detour_factor,0.6,Great circle 72 km x 1.75 detour factor (highlands_road). Replace with OSRM or a field measurement before publishing.,,0.8,0.75,0.8,0.95,1,1,1,1,1,1,0.95,0.85,0.92,2,TRUE
LN-PNG-SHP-002-ROAD,AMS-HGN,PNG-SHP-002,road,Mount Hagen Area Medical Store road distribution,MONTHLY,,0,0,0,0,0,97.86,3.49,detour_factor,0.6,Great circle 56 km x 1.75 detour factor (highlands_road). Replace with OSRM or a field measurement before publishing.,,0.8,0.75,0.8,0.95,1,1,1,1,1,1,0.95,0.85,0.92,2,TRUE
LN-PNG-SHP-003-ROAD,AMS-HGN,PNG-SHP-003,road,Mount Hagen Area Medical Store road distribution,MONTHLY,,0,0,0,0,0,128.31,4.58,detour_factor,0.6,Great circle 73 km x 1.75 detour factor (highlands_road). Replace with OSRM or a field measurement before publishing.,,0.25,0,0.25,0.55,0.9,1,1,1,1,0.9,0.65,0.4,0.92,2,TRUE
LN-PNG-SHP-004-ROAD,AMS-HGN,PNG-SHP-004,road,Mount Hagen Area Medical Store road distribution,MONTHLY,,0,0,0,0,0,167.84,5.99,detour_factor,0.6,Great circle 96 km x 1.75 detour factor (highlands_road). Replace with OSRM or a field measurement before publishing.,,0.25,0,0.25,0.55,0.9,1,1,1,1,0.9,0.65,0.4,0.92,2,TRUE
LN-PNG-SHP-005-AIRFB,AMS-HGN,PNG-SHP-005,air,Wet season air charter,MONTHLY,ANY,0,0,0,0,3100,91.47,0.35,great_circle,0.9,Air legs are flown close to the great circle.,,0.95,0.9,0.9,0.95,1,1,1,1,1,1,0.95,0.95,0.7,5,TRUE
LN-PNG-SHP-005-ROAD,AMS-HGN,PNG-SHP-005,road,Mount Hagen Area Medical Store road distribution,MONTHLY,,0,0,0,0,0,160.08,5.72,detour_factor,0.6,Great circle 91 km x 1.75 detour factor (highlands_road). Replace with OSRM or a field measurement before publishing.,,0.25,0,0.25,0.55,0.9,1,1,1,1,0.9,0.65,0.4,0.92,2,TRUE
LN-PNG-SHP-006-ROAD,AMS-HGN,PNG-SHP-006,road,Mount Hagen Area Medical Store road distribution,MONTHLY,,0,0,0,0,0,98.81,3.53,detour_factor,0.6,Great circle 56 km x 1.75 detour factor (highlands_road). Replace with OSRM or a field measurement before publishing.,,0.25,0,0.25,0.55,0.9,1,1,1,1,0.9,0.65,0.4,0.92,2,TRUE
LN-PNG-WES-001-SEA-WESTERN,AMS-POM,PNG-WES-001,sea,Moresby–Daru coastal service,MONTHLY,THU,90,5,0,0,149.54,538.08,29.89,detour_factor,0.55,Great circle 441 km x 1.22 to approximate the coastal track.,,0.9,0.85,0.9,0.95,0.7,0.55,0.5,0.55,0.7,0.9,0.95,0.95,0.78,5,TRUE
LN-PNG-WES-002-AIRFB,AMS-POM,PNG-WES-002,air,Wet season air charter,MONTHLY,ANY,0,0,0,0,3100,749.74,2.88,great_circle,0.9,Air legs are flown close to the great circle.,,0.95,0.9,0.9,0.95,1,1,1,1,1,1,0.95,0.95,0.7,5,TRUE
LN-PNG-WES-002-RIV-FLY,AMS-POM,PNG-WES-002,river,Fly River barge (Daru–Kiunga–Tabubil),MONTHLY,MON,44.36,1.4787,0,0,138.43,1162.1,83.01,detour_factor,0.55,Great circle 750 km x 1.55 to approximate the river track.,,1,1,1,1,0.9,0.7,0.55,0.5,0.55,0.75,0.95,1,0.72,7,TRUE
LN-PNG-WES-003-AIRFB,AMS-POM,PNG-WES-003,air,Wet season air charter,MONTHLY,ANY,0,0,0,0,3100,807.39,3.11,great_circle,0.9,Air legs are flown close to the great circle.,,0.95,0.9,0.9,0.95,1,1,1,1,1,1,0.95,0.95,0.7,5,TRUE
LN-PNG-WES-003-RIV-FLY,AMS-POM,PNG-WES-003,river,Fly River barge (Daru–Kiunga–Tabubil),MONTHLY,MON,31.848,1.0616,0,0,138.43,1251.46,89.39,detour_factor,0.55,Great circle 807 km x 1.55 to approximate the river track.,,1,1,1,1,0.9,0.7,0.55,0.5,0.55,0.75,0.95,1,0.72,7,TRUE
LN-PNG-WES-004-AIRFB,AMS-POM,PNG-WES-004,air,Wet season air charter,MONTHLY,ANY,0,0,0,0,3100,495.18,1.9,great_circle,0.9,Air legs are flown close to the great circle.,,0.95,0.9,0.9,0.95,1,1,1,1,1,1,0.95,0.95,0.7,5,TRUE
LN-PNG-WES-004-RIV-FLY,AMS-POM,PNG-WES-004,river,Fly River barge (Daru–Kiunga–Tabubil),MONTHLY,MON,35.261,1.1754,0,0,138.43,767.52,54.82,detour_factor,0.55,Great circle 495 km x 1.55 to approximate the river track.,,1,1,1,1,0.9,0.7,0.55,0.5,0.55,0.75,0.95,1,0.72,7,TRUE
LN-PNG-WES-005-AIR-WESTERN,AMS-POM,PNG-WES-005,air,Western interior air charter,MONTHLY,THU,0,0,0,0,2650,617.75,2.38,great_circle,0.9,Air legs are flown close to the great circle.,,0.95,0.9,0.9,0.95,1,1,1,1,1,1,0.95,0.95,0.72,4.5,TRUE
LN-PNG-WES-006-AIR-WESTERN,AMS-POM,PNG-WES-006,air,Western interior air charter,MONTHLY,THU,0,0,0,0,2650,684.94,2.63,great_circle,0.9,Air legs are flown close to the great circle.,,0.95,0.9,0.9,0.95,1,1,1,1,1,1,0.95,0.95,0.72,4.5,TRUE
LN-PNG-WES-007-AIRFB,AMS-POM,PNG-WES-007,air,Wet season air charter,MONTHLY,ANY,0,0,0,0,3100,616.42,2.37,great_circle,0.9,Air legs are flown close to the great circle.,,0.95,0.9,0.9,0.95,1,1,1,1,1,1,0.95,0.95,0.7,5,TRUE
LN-PNG-WES-007-RIV-FLY,AMS-POM,PNG-WES-007,river,Fly River barge (Daru–Kiunga–Tabubil),MONTHLY,MON,8.531,0.2844,0,0,138.43,955.44,68.25,detour_factor,0.55,Great circle 616 km x 1.55 to approximate the river track.,,1,1,1,1,0.9,0.7,0.55,0.5,0.55,0.75,0.95,1,0.72,7,TRUE
LN-PNG-WHP-001-ROAD,AMS-HGN,PNG-WHP-001,road,Mount Hagen Area Medical Store road distribution,MONTHLY,,0,0,0,0,0,2.42,0.09,detour_factor,0.6,Great circle 1 km x 1.75 detour factor (highlands_road). Replace with OSRM or a field measurement before publishing.,,1,1,1,1,1,1,1,1,1,1,1,1,0.92,2,TRUE
LN-PNG-WHP-002-ROAD,AMS-HGN,PNG-WHP-002,road,Mount Hagen Area Medical Store road distribution,MONTHLY,,0,0,0,0,0,56.51,2.02,detour_factor,0.6,Great circle 32 km x 1.75 detour factor (highlands_road). Replace with OSRM or a field measurement before publishing.,,0.25,0,0.25,0.55,0.9,1,1,1,1,0.9,0.65,0.4,0.92,2,TRUE
LN-PNG-WHP-003-ROAD,AMS-HGN,PNG-WHP-003,road,Mount Hagen Area Medical Store road distribution,MONTHLY,,0,0,0,0,0,64.04,2.29,detour_factor,0.6,Great circle 37 km x 1.75 detour factor (highlands_road). Replace with OSRM or a field measurement before publishing.,,0.25,0,0.25,0.55,0.9,1,1,1,1,0.9,0.65,0.4,0.92,2,TRUE
LN-PNG-WHP-004-ROAD,AMS-HGN,PNG-WHP-004,road,Mount Hagen Area Medical Store road distribution,MONTHLY,,0,0,0,0,0,35.36,1.26,detour_factor,0.6,Great circle 20 km x 1.75 detour factor (highlands_road). Replace with OSRM or a field measurement before publishing.,,0.25,0,0.25,0.55,0.9,1,1,1,1,0.9,0.65,0.4,0.92,2,TRUE
LN-PNG-WHP-005-ROAD,AMS-HGN,PNG-WHP-005,road,Mount Hagen Area Medical Store road distribution,MONTHLY,,0,0,0,0,0,29.25,1.04,detour_factor,0.6,Great circle 17 km x 1.75 detour factor (highlands_road). Replace with OSRM or a field measurement before publishing.,,0.8,0.75,0.8,0.95,1,1,1,1,1,1,0.95,0.85,0.92,2,TRUE
LN-PNG-WNB-001-SEA-WNB,AMS-KOK,PNG-WNB-001,sea,Kokopo–West New Britain coastal run,FORTNIGHTLY,THU,26.545,1.5518,0,0,130.96,328.7,18.26,detour_factor,0.55,Great circle 269 km x 1.22 to approximate the coastal track.,,0.95,0.9,0.95,1,1,1,1,1,1,1,1,0.95,0.85,3,TRUE
LN-PNG-WNB-002-SEA-WNB,AMS-KOK,PNG-WNB-002,sea,Kokopo–West New Britain coastal run,FORTNIGHTLY,THU,10.89,0.6366,0,0,130.96,328.88,18.27,detour_factor,0.55,Great circle 270 km x 1.22 to approximate the coastal track.,,0.95,0.9,0.95,1,1,1,1,1,1,1,1,0.95,0.85,3,TRUE
LN-PNG-WNB-003-SEA-WNB,AMS-KOK,PNG-WNB-003,sea,Kokopo–West New Britain coastal run,FORTNIGHTLY,THU,5.445,0.3183,0,0,130.96,369.95,20.55,detour_factor,0.55,Great circle 303 km x 1.22 to approximate the coastal track.,,0.9,0.85,0.9,0.95,0.7,0.55,0.5,0.55,0.7,0.9,0.95,0.95,0.85,3,TRUE
LN-PNG-WNB-004-SEA-WNB,AMS-KOK,PNG-WNB-004,sea,Kokopo–West New Britain coastal run,FORTNIGHTLY,THU,13.953,0.8157,0,0,130.96,215.37,11.97,detour_factor,0.55,Great circle 177 km x 1.22 to approximate the coastal track.,,0.95,0.9,0.95,1,1,1,1,1,1,1,1,0.95,0.85,3,TRUE
LN-PNG-WNB-005-SEA-WNB,AMS-KOK,PNG-WNB-005,sea,Kokopo–West New Britain coastal run,FORTNIGHTLY,THU,8.168,0.4775,0,0,130.96,445.5,24.75,detour_factor,0.55,Great circle 365 km x 1.22 to approximate the coastal track.,,0.9,0.85,0.9,0.95,0.7,0.55,0.5,0.55,0.7,0.9,0.95,0.95,0.85,3,TRUE
PRI-KOK-BUK,AMS-KOK,AMS-BUK,sea,Rabaul–Buka feeder,MONTHLY,,160,10,12800,3,0,357.17,19.84,detour_factor,0.55,Great circle 293 km x 1.22 to approximate the coastal track.,,0.9,0.85,0.9,0.95,0.7,0.55,0.5,0.55,0.7,0.9,0.95,0.95,0.82,3,TRUE
PRI-LAE-HGN,AMS-LAE,AMS-HGN,road,Highlands Highway trunk,WEEKLY,,180,12,1900,2.4,0,430.83,9.57,detour_factor,0.6,Great circle 319 km x 1.35 detour factor (mainland_road). Replace with OSRM or a field measurement before publishing.,,0.8,0.75,0.8,0.95,1,1,1,1,1,1,0.95,0.85,0.92,3,TRUE
PRI-MAD-WWK,AMS-MAD,AMS-WWK,sea,Madang–Wewak feeder,FORTNIGHTLY,,210,14,9800,2.9,0,365.08,20.28,detour_factor,0.55,Great circle 299 km x 1.22 to approximate the coastal track.,,0.9,0.85,0.9,0.95,0.7,0.55,0.5,0.55,0.7,0.9,0.95,0.95,0.84,3,TRUE
PRI-NMS-ALO,NMS-BADILI,AMS-ALO,sea,Moresby–Alotau feeder,MONTHLY,,190,12,15500,2.9,0,452.88,25.16,detour_factor,0.55,Great circle 371 km x 1.22 to approximate the coastal track.,,0.9,0.85,0.9,0.95,0.7,0.55,0.5,0.55,0.7,0.9,0.95,0.95,0.85,3,TRUE
PRI-NMS-KOK,NMS-BADILI,AMS-KOK,sea,Moresby–Rabaul main line,MONTHLY,,430,24,46000,2.7,0,977.15,54.29,detour_factor,0.55,Great circle 801 km x 1.22 to approximate the coastal track.,,0.95,0.9,0.95,1,1,1,1,1,1,1,1,0.95,0.87,3,TRUE
PRI-NMS-LAE,NMS-BADILI,AMS-LAE,sea,Moresby–Lae main line,FORTNIGHTLY,,620,34,31000,2.6,0,374.95,20.83,detour_factor,0.55,Great circle 307 km x 1.22 to approximate the coastal track.,,0.95,0.9,0.95,1,1,1,1,1,1,1,1,0.95,0.9,3,TRUE
PRI-NMS-MAD,NMS-BADILI,AMS-MAD,sea,Moresby–Madang main line,MONTHLY,,480,26,38000,2.6,0,607.49,33.75,detour_factor,0.55,Great circle 498 km x 1.22 to approximate the coastal track.,,0.95,0.9,0.95,1,1,1,1,1,1,1,1,0.95,0.88,3,TRUE
PRI-NMS-POM,NMS-BADILI,AMS-POM,road,Port Moresby local shuttle,TWICE_WEEKLY,,240,18,320,2.1,0,7.19,0.16,detour_factor,0.6,Great circle 5 km x 1.35 detour factor (mainland_road). Replace with OSRM or a field measurement before publishing.,,1,1,1,1,1,1,1,1,1,1,1,1,0.97,3,TRUE
